[{
  "_id": {
    "$oid": "64a313ff940289f59df223dc"
  },
  "No": 285,
  "CONJUNTO": "AEROPUERTO",
  "NUMERO": "1A",
  "TIPO": "NAVE",
  "SUB_TOTAL": 0,
  "IVA": 0,
  "TOTAL": 0,
  "INT_FINANCIAMIENTO": 0,
  "COBRADO": "#XL_EVAL_ERROR#",
  "DEUDA": "#XL_EVAL_ERROR#",
  "PROYECCION": 0,
  "MOROSIDAD": "#XL_EVAL_ERROR#",
  "ESTATUS": "#XL_EVAL_ERROR#",
  "COMENTARIOS": "SE ATRASO EN MARZO 2022",
  "Columna1": "null"
},
{
  "_id": {
    "$oid": "64a313ff940289f59df223dd"
  },
  "No": 286,
  "CONJUNTO": "AEROPUERTO",
  "NUMERO": "2A",
  "TIPO": "NAVE",
  "SUB_TOTAL": 0,
  "IVA": 0,
  "TOTAL": 0,
  "INT_FINANCIAMIENTO": 0,
  "COBRADO": "#XL_EVAL_ERROR#",
  "DEUDA": "#XL_EVAL_ERROR#",
  "PROYECCION": 0,
  "MOROSIDAD": "#XL_EVAL_ERROR#",
  "ESTATUS": "#XL_EVAL_ERROR#",
  "COMENTARIOS": "SE ATRASO EN FEBRERO 2022",
  "Columna1": "null"
},
{
  "_id": {
    "$oid": "64a313ff940289f59df223de"
  },
  "No": 287,
  "CONJUNTO": "AEROPUERTO",
  "NUMERO": "3A",
  "TIPO": "NAVE",
  "SUB_TOTAL": 2048113.01,
  "IVA": 0,
  "TOTAL": 2048113.01,
  "INT_FINANCIAMIENTO": 1257239.07999999,
  "COBRADO": "#XL_EVAL_ERROR#",
  "DEUDA": "#XL_EVAL_ERROR#",
  "PROYECCION": 387900.194,
  "MOROSIDAD": "0",
  "ESTATUS": "AL CORRIENTE",
  "COMENTARIOS": "SE ATRASO EN ENERO 2022",
  "Columna1": "null"
},
{
  "_id": {
    "$oid": "64a313ff940289f59df223df"
  },
  "No": 288,
  "CONJUNTO": "AEROPUERTO",
  "NUMERO": "4A",
  "TIPO": "NAVE",
  "SUB_TOTAL": 2280714.32,
  "IVA": 0,
  "TOTAL": 2280714.32,
  "INT_FINANCIAMIENTO": 1556976.73799999,
  "COBRADO": "#XL_EVAL_ERROR#",
  "DEUDA": "#XL_EVAL_ERROR#",
  "PROYECCION": 535622.311,
  "MOROSIDAD": "0",
  "ESTATUS": "AL CORRIENTE",
  "COMENTARIOS": "SE ATRASO EN SEP 2022",
  "Columna1": "null"
},
{
  "_id": {
    "$oid": "64a313ff940289f59df223e0"
  },
  "No": 289,
  "CONJUNTO": "AEROPUERTO",
  "NUMERO": "5A",
  "TIPO": "LOTE",
  "SUB_TOTAL": 2025683.85,
  "IVA": 0,
  "TOTAL": 2025683.85,
  "INT_FINANCIAMIENTO": 1382875.23,
  "COBRADO": "#XL_EVAL_ERROR#",
  "DEUDA": "#XL_EVAL_ERROR#",
  "PROYECCION": 506420.97,
  "MOROSIDAD": "#XL_EVAL_ERROR#",
  "ESTATUS": "#XL_EVAL_ERROR#",
  "COMENTARIOS": "SIN ATRASO",
  "Columna1": "null"
},
{
  "_id": {
    "$oid": "64a313ff940289f59df223e1"
  },
  "No": 290,
  "CONJUNTO": "AEROPUERTO",
  "NUMERO": "6A",
  "TIPO": "LOTE",
  "SUB_TOTAL": 1999139.37,
  "IVA": 0,
  "TOTAL": 1999139.37,
  "INT_FINANCIAMIENTO": 1364753.76599999,
  "COBRADO": "#XL_EVAL_ERROR#",
  "DEUDA": "#XL_EVAL_ERROR#",
  "PROYECCION": 560364.815,
  "MOROSIDAD": "#XL_EVAL_ERROR#",
  "ESTATUS": "#XL_EVAL_ERROR#",
  "COMENTARIOS": "SIN ATRASO",
  "Columna1": "null"
},
{
  "_id": {
    "$oid": "64a313ff940289f59df223e2"
  },
  "No": 291,
  "CONJUNTO": "AEROPUERTO",
  "NUMERO": "7A",
  "TIPO": "LOTE",
  "SUB_TOTAL": 900058.5,
  "IVA": 0,
  "TOTAL": 900058.5,
  "INT_FINANCIAMIENTO": 614443.8,
  "COBRADO": "#XL_EVAL_ERROR#",
  "DEUDA": "#XL_EVAL_ERROR#",
  "PROYECCION": 265926.51,
  "MOROSIDAD": "#XL_EVAL_ERROR#",
  "ESTATUS": "#XL_EVAL_ERROR#",
  "COMENTARIOS": "SE ATRASO OCT 2020",
  "Columna1": "null"
},
{
  "_id": {
    "$oid": "64a313ff940289f59df223e3"
  },
  "No": 292,
  "CONJUNTO": "AEROPUERTO",
  "NUMERO": "8A",
  "TIPO": "LOTE",
  "SUB_TOTAL": 846450,
  "IVA": 0,
  "TOTAL": 846450,
  "INT_FINANCIAMIENTO": 577846.584,
  "COBRADO": "#XL_EVAL_ERROR#",
  "DEUDA": "#XL_EVAL_ERROR#",
  "PROYECCION": 250087.5,
  "MOROSIDAD": "#XL_EVAL_ERROR#",
  "ESTATUS": "#XL_EVAL_ERROR#",
  "COMENTARIOS": "SIN ATRASO",
  "Columna1": "null"
},
{
  "_id": {
    "$oid": "64a313ff940289f59df223e4"
  },
  "No": 293,
  "CONJUNTO": "AEROPUERTO",
  "NUMERO": "9A",
  "TIPO": "LOTE",
  "SUB_TOTAL": 846450,
  "IVA": 0,
  "TOTAL": 846450,
  "INT_FINANCIAMIENTO": 577846.919999997,
  "COBRADO": "#XL_EVAL_ERROR#",
  "DEUDA": "#XL_EVAL_ERROR#",
  "PROYECCION": 250087.5,
  "MOROSIDAD": "0",
  "ESTATUS": "AL CORRIENTE",
  "COMENTARIOS": "SE ATRASO EN ENERO 2022",
  "Columna1": "null"
},
{
  "_id": {
    "$oid": "64a313ff940289f59df223e5"
  },
  "No": 294,
  "CONJUNTO": "AEROPUERTO",
  "NUMERO": "10A",
  "TIPO": "LOTE",
  "SUB_TOTAL": 846450,
  "IVA": 0,
  "TOTAL": 846450,
  "INT_FINANCIAMIENTO": 577846.584,
  "COBRADO": "#XL_EVAL_ERROR#",
  "DEUDA": "#XL_EVAL_ERROR#",
  "PROYECCION": 237262.5,
  "MOROSIDAD": "#XL_EVAL_ERROR#",
  "ESTATUS": "#XL_EVAL_ERROR#",
  "COMENTARIOS": "SIN ATRASO",
  "Columna1": "null"
},
{
  "_id": {
    "$oid": "64a313ff940289f59df223e6"
  },
  "No": 296,
  "CONJUNTO": "AEROPUERTO",
  "NUMERO": "1B",
  "TIPO": "NAVE",
  "SUB_TOTAL": 5574896.18,
  "IVA": 713586.71,
  "TOTAL": 6288482.89,
  "INT_FINANCIAMIENTO": 3305581.80000003,
  "COBRADO": "#XL_EVAL_ERROR#",
  "DEUDA": "#XL_EVAL_ERROR#",
  "PROYECCION": 738896.75,
  "MOROSIDAD": "#XL_EVAL_ERROR#",
  "ESTATUS": "#XL_EVAL_ERROR#",
  "COMENTARIOS": "SE ATRASO AGOSTO 2022 ( NO COMPLETA ENGANCHE)",
  "Columna1": "null"
},
{
  "_id": {
    "$oid": "64a313ff940289f59df223e7"
  },
  "No": 298,
  "CONJUNTO": "AEROPUERTO",
  "NUMERO": "3B",
  "TIPO": "NAVE",
  "SUB_TOTAL": 4646400.58,
  "IVA": 594739.27,
  "TOTAL": 5241139.85,
  "INT_FINANCIAMIENTO": 2826191.42999998,
  "COBRADO": "#XL_EVAL_ERROR#",
  "DEUDA": "#XL_EVAL_ERROR#",
  "PROYECCION": 1016107.1,
  "MOROSIDAD": "#XL_EVAL_ERROR#",
  "ESTATUS": "#XL_EVAL_ERROR#",
  "COMENTARIOS": "SE ATRASO NOV 2021 ",
  "Columna1": "null"
},
{
  "_id": {
    "$oid": "64a313ff940289f59df223e8"
  },
  "No": 299,
  "CONJUNTO": "AEROPUERTO",
  "NUMERO": "4B",
  "TIPO": "NAVE",
  "SUB_TOTAL": 2096640,
  "IVA": 0,
  "TOTAL": 2096640,
  "INT_FINANCIAMIENTO": 761161.799999996,
  "COBRADO": "#XL_EVAL_ERROR#",
  "DEUDA": "#XL_EVAL_ERROR#",
  "PROYECCION": 279552,
  "MOROSIDAD": "#XL_EVAL_ERROR#",
  "ESTATUS": "#XL_EVAL_ERROR#",
  "COMENTARIOS": "SE ATRASO JULIO 2022",
  "Columna1": "null"
},
{
  "_id": {
    "$oid": "64a313ff940289f59df223e9"
  },
  "No": 300,
  "CONJUNTO": "AEROPUERTO",
  "NUMERO": "5B",
  "TIPO": "NAVE",
  "SUB_TOTAL": 2096640,
  "IVA": 0,
  "TOTAL": 2096640,
  "INT_FINANCIAMIENTO": 761161.799999996,
  "COBRADO": "#XL_EVAL_ERROR#",
  "DEUDA": "#XL_EVAL_ERROR#",
  "PROYECCION": 279552,
  "MOROSIDAD": "#XL_EVAL_ERROR#",
  "ESTATUS": "#XL_EVAL_ERROR#",
  "COMENTARIOS": "SE ATRASO JULIO 2022",
  "Columna1": "null"
},
{
  "_id": {
    "$oid": "64a313ff940289f59df223ea"
  },
  "No": 302,
  "CONJUNTO": "AEROPUERTO",
  "NUMERO": "7B",
  "TIPO": "NAVE",
  "SUB_TOTAL": 1673571.72,
  "IVA": 0,
  "TOTAL": 1673571.72,
  "INT_FINANCIAMIENTO": 1142498.32,
  "COBRADO": "#XL_EVAL_ERROR#",
  "DEUDA": "#XL_EVAL_ERROR#",
  "PROYECCION": 405714.36,
  "MOROSIDAD": "#XL_EVAL_ERROR#",
  "ESTATUS": "#XL_EVAL_ERROR#",
  "COMENTARIOS": "SIN ATRASO",
  "Columna1": "null"
},
{
  "_id": {
    "$oid": "64a313ff940289f59df223eb"
  },
  "No": 303,
  "CONJUNTO": "AEROPUERTO",
  "NUMERO": "8B",
  "TIPO": "NAVE",
  "SUB_TOTAL": 1690476.48,
  "IVA": 0,
  "TOTAL": 1690476.48,
  "INT_FINANCIAMIENTO": 1142498.33,
  "COBRADO": "#XL_EVAL_ERROR#",
  "DEUDA": "#XL_EVAL_ERROR#",
  "PROYECCION": 422619.13,
  "MOROSIDAD": "0",
  "ESTATUS": "AL CORRIENTE",
  "COMENTARIOS": "SE ATRASO FEB 2021",
  "Columna1": "null"
},
{
  "_id": {
    "$oid": "64a313ff940289f59df223ec"
  },
  "No": 304,
  "CONJUNTO": "AEROPUERTO",
  "NUMERO": "9B",
  "TIPO": "NAVE",
  "SUB_TOTAL": 1521428.83,
  "IVA": 0,
  "TOTAL": 1521428.83,
  "INT_FINANCIAMIENTO": 1038635.28,
  "COBRADO": "#XL_EVAL_ERROR#",
  "DEUDA": "#XL_EVAL_ERROR#",
  "PROYECCION": 368831.31,
  "MOROSIDAD": "#XL_EVAL_ERROR#",
  "ESTATUS": "#XL_EVAL_ERROR#",
  "COMENTARIOS": "SIN ATRASO",
  "Columna1": "null"
},
{
  "_id": {
    "$oid": "64a313ff940289f59df223ed"
  },
  "No": 305,
  "CONJUNTO": "AEROPUERTO",
  "NUMERO": "10B",
  "TIPO": "NAVE",
  "SUB_TOTAL": 1979828.7,
  "IVA": 0,
  "TOTAL": 1979828.7,
  "INT_FINANCIAMIENTO": 1351570.97400001,
  "COBRADO": "#XL_EVAL_ERROR#",
  "DEUDA": "#XL_EVAL_ERROR#",
  "PROYECCION": 419963.662,
  "MOROSIDAD": "#XL_EVAL_ERROR#",
  "ESTATUS": "#XL_EVAL_ERROR#",
  "COMENTARIOS": "SE ATRASO AGOSTO 2022",
  "Columna1": "null"
},
{
  "_id": {
    "$oid": "64a313ff940289f59df223ee"
  },
  "No": 306,
  "CONJUNTO": "AEROPUERTO",
  "NUMERO": "1C",
  "TIPO": "LOTE",
  "SUB_TOTAL": 1529405.92,
  "IVA": 0,
  "TOTAL": 1529405.92,
  "INT_FINANCIAMIENTO": 1054733.74,
  "COBRADO": "#XL_EVAL_ERROR#",
  "DEUDA": "#XL_EVAL_ERROR#",
  "PROYECCION": 405760.82,
  "MOROSIDAD": "#XL_EVAL_ERROR#",
  "ESTATUS": "#XL_EVAL_ERROR#",
  "COMENTARIOS": "SIN ATRASO",
  "Columna1": "null"
},
{
  "_id": {
    "$oid": "64a313ff940289f59df223ef"
  },
  "No": 307,
  "CONJUNTO": "AEROPUERTO",
  "NUMERO": "2C",
  "TIPO": "LOTE",
  "SUB_TOTAL": 1417010.18,
  "IVA": 0,
  "TOTAL": 1417010.18,
  "INT_FINANCIAMIENTO": 439826.199999999,
  "COBRADO": "#XL_EVAL_ERROR#",
  "DEUDA": "#XL_EVAL_ERROR#",
  "PROYECCION": 354252.64,
  "MOROSIDAD": "#XL_EVAL_ERROR#",
  "ESTATUS": "#XL_EVAL_ERROR#",
  "COMENTARIOS": "SIN ATRASO",
  "Columna1": "null"
},
{
  "_id": {
    "$oid": "64a313ff940289f59df223f0"
  },
  "No": 308,
  "CONJUNTO": "AEROPUERTO",
  "NUMERO": "3C",
  "TIPO": "LOTE",
  "SUB_TOTAL": 1377075,
  "IVA": 0,
  "TOTAL": 1377075,
  "INT_FINANCIAMIENTO": 930687.804,
  "COBRADO": "#XL_EVAL_ERROR#",
  "DEUDA": "#XL_EVAL_ERROR#",
  "PROYECCION": 395909.075,
  "MOROSIDAD": "#XL_EVAL_ERROR#",
  "ESTATUS": "#XL_EVAL_ERROR#",
  "COMENTARIOS": "SIN ATRASO",
  "Columna1": "null"
},
{
  "_id": {
    "$oid": "64a313ff940289f59df223f1"
  },
  "No": 310,
  "CONJUNTO": "AEROPUERTO",
  "NUMERO": "5C",
  "TIPO": "NAVE",
  "SUB_TOTAL": 1912855,
  "IVA": 0,
  "TOTAL": 1912855,
  "INT_FINANCIAMIENTO": 432219.499999998,
  "COBRADO": "#XL_EVAL_ERROR#",
  "DEUDA": "#XL_EVAL_ERROR#",
  "PROYECCION": 207225.96,
  "MOROSIDAD": "#XL_EVAL_ERROR#",
  "ESTATUS": "#XL_EVAL_ERROR#",
  "COMENTARIOS": "SIN ATRASO",
  "Columna1": "null"
},
{
  "_id": {
    "$oid": "64a313ff940289f59df223f2"
  },
  "No": 312,
  "CONJUNTO": "AEROPUERTO",
  "NUMERO": "7C",
  "TIPO": "NAVE",
  "SUB_TOTAL": 1866212.04,
  "IVA": 0,
  "TOTAL": 1866212.04,
  "INT_FINANCIAMIENTO": 522029,
  "COBRADO": "#XL_EVAL_ERROR#",
  "DEUDA": "#XL_EVAL_ERROR#",
  "PROYECCION": 955829.68,
  "MOROSIDAD": "#XL_EVAL_ERROR#",
  "ESTATUS": "#XL_EVAL_ERROR#",
  "COMENTARIOS": "SIN ATRASO",
  "Columna1": "null"
},
{
  "_id": {
    "$oid": "64a313ff940289f59df223f3"
  },
  "No": 313,
  "CONJUNTO": "AEROPUERTO",
  "NUMERO": "8C",
  "TIPO": "NAVE",
  "SUB_TOTAL": 1696556.4,
  "IVA": 0,
  "TOTAL": 1696556.4,
  "INT_FINANCIAMIENTO": 1146607.30799999,
  "COBRADO": "#XL_EVAL_ERROR#",
  "DEUDA": "#XL_EVAL_ERROR#",
  "PROYECCION": 322345.716,
  "MOROSIDAD": "0",
  "ESTATUS": "AL CORRIENTE",
  "COMENTARIOS": "SE ATRASO NOV 2021 ",
  "Columna1": "null"
},
{
  "_id": {
    "$oid": "64a313ff940289f59df223f4"
  },
  "No": 314,
  "CONJUNTO": "AEROPUERTO",
  "NUMERO": "9C",
  "TIPO": "NAVE",
  "SUB_TOTAL": 1696556.4,
  "IVA": 0,
  "TOTAL": 1696556.4,
  "INT_FINANCIAMIENTO": 1146607.392,
  "COBRADO": "#XL_EVAL_ERROR#",
  "DEUDA": "#XL_EVAL_ERROR#",
  "PROYECCION": 373242.408,
  "MOROSIDAD": "#XL_EVAL_ERROR#",
  "ESTATUS": "#XL_EVAL_ERROR#",
  "COMENTARIOS": "SE ATRASO JUNIO 2022",
  "Columna1": "null"
},
{
  "_id": {
    "$oid": "64a313ff940289f59df223f5"
  },
  "No": 315,
  "CONJUNTO": "AEROPUERTO",
  "NUMERO": "10C",
  "TIPO": "NAVE",
  "SUB_TOTAL": 1874662.01,
  "IVA": 0,
  "TOTAL": 1874662.01,
  "INT_FINANCIAMIENTO": 1266979.30999999,
  "COBRADO": "#XL_EVAL_ERROR#",
  "DEUDA": "#XL_EVAL_ERROR#",
  "PROYECCION": 356185.84,
  "MOROSIDAD": "#XL_EVAL_ERROR#",
  "ESTATUS": "#XL_EVAL_ERROR#",
  "COMENTARIOS": "SE ATRASO OCT 2021 ",
  "Columna1": "null"
},
{
  "_id": {
    "$oid": "64a313ff940289f59df223f6"
  },
  "No": 316,
  "CONJUNTO": "AEROPUERTO",
  "NUMERO": "1D",
  "TIPO": "LOTE",
  "SUB_TOTAL": 1783173.14,
  "IVA": 0,
  "TOTAL": 1783173.14,
  "INT_FINANCIAMIENTO": 1229741.574,
  "COBRADO": "#XL_EVAL_ERROR#",
  "DEUDA": "#XL_EVAL_ERROR#",
  "PROYECCION": 473086.742,
  "MOROSIDAD": "#XL_EVAL_ERROR#",
  "ESTATUS": "#XL_EVAL_ERROR#",
  "COMENTARIOS": "SIN ATRASO",
  "Columna1": "null"
},
{
  "_id": {
    "$oid": "64a313ff940289f59df223f7"
  },
  "No": 317,
  "CONJUNTO": "AEROPUERTO",
  "NUMERO": "2D",
  "TIPO": "LOTE",
  "SUB_TOTAL": 1698125.63,
  "IVA": 0,
  "TOTAL": 1698125.63,
  "INT_FINANCIAMIENTO": 1147668.22,
  "COBRADO": "#XL_EVAL_ERROR#",
  "DEUDA": "#XL_EVAL_ERROR#",
  "PROYECCION": 424531.37,
  "MOROSIDAD": "0",
  "ESTATUS": "AL CORRIENTE",
  "COMENTARIOS": "SE ATRADO DIC 2020",
  "Columna1": "null"
},
{
  "_id": {
    "$oid": "64a313ff940289f59df223f8"
  },
  "No": 318,
  "CONJUNTO": "AEROPUERTO",
  "NUMERO": "3D",
  "TIPO": "LOTE",
  "SUB_TOTAL": 0,
  "IVA": 0,
  "TOTAL": 0,
  "INT_FINANCIAMIENTO": 0,
  "COBRADO": "#XL_EVAL_ERROR#",
  "DEUDA": "#XL_EVAL_ERROR#",
  "PROYECCION": 0,
  "MOROSIDAD": "0",
  "ESTATUS": "AL CORRIENTE",
  "COMENTARIOS": "SE ATRASO FEB 2022",
  "Columna1": "null"
},
{
  "_id": {
    "$oid": "64a313ff940289f59df223f9"
  },
  "No": 319,
  "CONJUNTO": "AEROPUERTO",
  "NUMERO": "4D",
  "TIPO": "LOTE",
  "SUB_TOTAL": 2191716.97,
  "IVA": 0,
  "TOTAL": 2191716.97,
  "INT_FINANCIAMIENTO": 1481258.658,
  "COBRADO": "#XL_EVAL_ERROR#",
  "DEUDA": "#XL_EVAL_ERROR#",
  "PROYECCION": 416426.224,
  "MOROSIDAD": "#XL_EVAL_ERROR#",
  "ESTATUS": "#XL_EVAL_ERROR#",
  "COMENTARIOS": "SIN ATRASO",
  "Columna1": "null"
},
{
  "_id": {
    "$oid": "64a313ff940289f59df223fa"
  },
  "No": 320,
  "CONJUNTO": "AEROPUERTO",
  "NUMERO": "5D",
  "TIPO": "NAVE",
  "SUB_TOTAL": 2191716.97,
  "IVA": 0,
  "TOTAL": 2191716.97,
  "INT_FINANCIAMIENTO": 636723.740000002,
  "COBRADO": "#XL_EVAL_ERROR#",
  "DEUDA": "#XL_EVAL_ERROR#",
  "PROYECCION": 336584.67,
  "MOROSIDAD": "#XL_EVAL_ERROR#",
  "ESTATUS": "#XL_EVAL_ERROR#",
  "COMENTARIOS": "SE ATRASO ABRIL 2022",
  "Columna1": "null"
},
{
  "_id": {
    "$oid": "64a313ff940289f59df223fb"
  },
  "No": 322,
  "CONJUNTO": "AEROPUERTO",
  "NUMERO": "7D",
  "TIPO": "NAVE",
  "SUB_TOTAL": 1867938.19,
  "IVA": 0,
  "TOTAL": 1867938.19,
  "INT_FINANCIAMIENTO": 1262434.688,
  "COBRADO": "#XL_EVAL_ERROR#",
  "DEUDA": "#XL_EVAL_ERROR#",
  "PROYECCION": 382927.322,
  "MOROSIDAD": "0",
  "ESTATUS": "AL CORRIENTE",
  "COMENTARIOS": "SIN ATRASO",
  "Columna1": "null"
},
{
  "_id": {
    "$oid": "64a313ff940289f59df223fc"
  },
  "No": 323,
  "CONJUNTO": "AEROPUERTO",
  "NUMERO": "8D",
  "TIPO": "NAVE",
  "SUB_TOTAL": 1867938.19,
  "IVA": 0,
  "TOTAL": 1867938.19,
  "INT_FINANCIAMIENTO": 1262434.68,
  "COBRADO": "#XL_EVAL_ERROR#",
  "DEUDA": "#XL_EVAL_ERROR#",
  "PROYECCION": 382927.314,
  "MOROSIDAD": "0",
  "ESTATUS": "AL CORRIENTE",
  "COMENTARIOS": "SIN ATRASO",
  "Columna1": "null"
},
{
  "_id": {
    "$oid": "64a313ff940289f59df223fd"
  },
  "No": 324,
  "CONJUNTO": "AEROPUERTO",
  "NUMERO": "9D",
  "TIPO": "NAVE",
  "SUB_TOTAL": 1867938.19,
  "IVA": 0,
  "TOTAL": 1867938.19,
  "INT_FINANCIAMIENTO": 1262434.68,
  "COBRADO": "#XL_EVAL_ERROR#",
  "DEUDA": "#XL_EVAL_ERROR#",
  "PROYECCION": 382927.314,
  "MOROSIDAD": "0",
  "ESTATUS": "AL CORRIENTE",
  "COMENTARIOS": "SIN ATRASO",
  "Columna1": "null"
},
{
  "_id": {
    "$oid": "64a313ff940289f59df223fe"
  },
  "No": 325,
  "CONJUNTO": "AEROPUERTO",
  "NUMERO": "10D",
  "TIPO": "NAVE",
  "SUB_TOTAL": 2201704.86,
  "IVA": 0,
  "TOTAL": 2201704.86,
  "INT_FINANCIAMIENTO": 1488008.87799999,
  "COBRADO": "#XL_EVAL_ERROR#",
  "DEUDA": "#XL_EVAL_ERROR#",
  "PROYECCION": 451349.494,
  "MOROSIDAD": "0",
  "ESTATUS": "AL CORRIENTE",
  "COMENTARIOS": "SIN ATRASO",
  "Columna1": "null"
},
{
  "_id": {
    "$oid": "64a313ff940289f59df223ff"
  },
  "No": 326,
  "CONJUNTO": "AEROPUERTO",
  "NUMERO": "1E",
  "TIPO": "LOTE",
  "SUB_TOTAL": 1438648.32,
  "IVA": 0,
  "TOTAL": 1438648.32,
  "INT_FINANCIAMIENTO": 982122.850000002,
  "COBRADO": "#XL_EVAL_ERROR#",
  "DEUDA": "#XL_EVAL_ERROR#",
  "PROYECCION": 403257.46,
  "MOROSIDAD": "#XL_EVAL_ERROR#",
  "ESTATUS": "#XL_EVAL_ERROR#",
  "COMENTARIOS": "SIN ATRASO",
  "Columna1": "null"
},
{
  "_id": {
    "$oid": "64a313ff940289f59df22400"
  },
  "No": 327,
  "CONJUNTO": "AEROPUERTO",
  "NUMERO": "2E",
  "TIPO": "LOTE",
  "SUB_TOTAL": 1123841.25,
  "IVA": 0,
  "TOTAL": 1123841.25,
  "INT_FINANCIAMIENTO": 776420.034000004,
  "COBRADO": "#XL_EVAL_ERROR#",
  "DEUDA": "#XL_EVAL_ERROR#",
  "PROYECCION": 262229.62,
  "MOROSIDAD": "#XL_EVAL_ERROR#",
  "ESTATUS": "#XL_EVAL_ERROR#",
  "COMENTARIOS": "SE ATRASO OCT 2021 ",
  "Columna1": "null"
},
{
  "_id": {
    "$oid": "64a313ff940289f59df22401"
  },
  "No": 329,
  "CONJUNTO": "AEROPUERTO",
  "NUMERO": "4E",
  "TIPO": "LOTE",
  "SUB_TOTAL": 1436000.99,
  "IVA": 0,
  "TOTAL": 1436000.99,
  "INT_FINANCIAMIENTO": 980315.733999994,
  "COBRADO": "#XL_EVAL_ERROR#",
  "DEUDA": "#XL_EVAL_ERROR#",
  "PROYECCION": 261091.08,
  "MOROSIDAD": "#XL_EVAL_ERROR#",
  "ESTATUS": "#XL_EVAL_ERROR#",
  "COMENTARIOS": "SIN ATRASO",
  "Columna1": "null"
},
{
  "_id": {
    "$oid": "64a313ff940289f59df22402"
  },
  "No": 330,
  "CONJUNTO": "AEROPUERTO",
  "NUMERO": "5E",
  "TIPO": "LOTE",
  "SUB_TOTAL": 1436000.99,
  "IVA": 0,
  "TOTAL": 1436000.99,
  "INT_FINANCIAMIENTO": 980315.733999994,
  "COBRADO": "#XL_EVAL_ERROR#",
  "DEUDA": "#XL_EVAL_ERROR#",
  "PROYECCION": 271969.875,
  "MOROSIDAD": "#XL_EVAL_ERROR#",
  "ESTATUS": "#XL_EVAL_ERROR#",
  "COMENTARIOS": "SE ATRASO EN OCT 2021",
  "Columna1": "null"
},
{
  "_id": {
    "$oid": "64a313ff940289f59df22403"
  },
  "No": 331,
  "CONJUNTO": "AEROPUERTO",
  "NUMERO": "6E",
  "TIPO": "NAVE",
  "SUB_TOTAL": 1436000.99,
  "IVA": 0,
  "TOTAL": 1436000.99,
  "INT_FINANCIAMIENTO": 980315.733999994,
  "COBRADO": "#XL_EVAL_ERROR#",
  "DEUDA": "#XL_EVAL_ERROR#",
  "PROYECCION": 304606.26,
  "MOROSIDAD": "#XL_EVAL_ERROR#",
  "ESTATUS": "#XL_EVAL_ERROR#",
  "COMENTARIOS": "SIN ATRASO",
  "Columna1": "null"
},
{
  "_id": {
    "$oid": "64a313ff940289f59df22404"
  },
  "No": 332,
  "CONJUNTO": "AEROPUERTO",
  "NUMERO": "7E",
  "TIPO": "NAVE",
  "SUB_TOTAL": 3682066.94148936,
  "IVA": 471304.568510638,
  "TOTAL": 4153371.51,
  "INT_FINANCIAMIENTO": 2250769.07000002,
  "COBRADO": "#XL_EVAL_ERROR#",
  "DEUDA": "#XL_EVAL_ERROR#",
  "PROYECCION": 1580707.54,
  "MOROSIDAD": "#XL_EVAL_ERROR#",
  "ESTATUS": "#XL_EVAL_ERROR#",
  "COMENTARIOS": "SIN ATRASO",
  "Columna1": "null"
},
{
  "_id": {
    "$oid": "64a313ff940289f59df22405"
  },
  "No": 334,
  "CONJUNTO": "AEROPUERTO",
  "NUMERO": "9E",
  "TIPO": "NAVE",
  "SUB_TOTAL": 4028167.84,
  "IVA": 515605.48,
  "TOTAL": 4543773.32,
  "INT_FINANCIAMIENTO": 2388463.36999999,
  "COBRADO": "#XL_EVAL_ERROR#",
  "DEUDA": "#XL_EVAL_ERROR#",
  "PROYECCION": 454377.33,
  "MOROSIDAD": "#XL_EVAL_ERROR#",
  "ESTATUS": "#XL_EVAL_ERROR#",
  "COMENTARIOS": "SIN ATRASO",
  "Columna1": "null"
},
{
  "_id": {
    "$oid": "64a313ff940289f59df22406"
  },
  "No": 336,
  "CONJUNTO": "AEROPUERTO",
  "NUMERO": "11E",
  "TIPO": "NAVE",
  "SUB_TOTAL": 3929919.84,
  "IVA": 503029.73952,
  "TOTAL": 4432949.57952,
  "INT_FINANCIAMIENTO": 2330208.42048002,
  "COBRADO": "#XL_EVAL_ERROR#",
  "DEUDA": "#XL_EVAL_ERROR#",
  "PROYECCION": 443294.96,
  "MOROSIDAD": "#XL_EVAL_ERROR#",
  "ESTATUS": "#XL_EVAL_ERROR#",
  "COMENTARIOS": "SE ATRASO EN OCT 2022",
  "Columna1": "null"
},
{
  "_id": {
    "$oid": "64a313ff940289f59df22407"
  },
  "No": 337,
  "CONJUNTO": "AEROPUERTO",
  "NUMERO": "12E",
  "TIPO": "NAVE",
  "SUB_TOTAL": 3153035.96,
  "IVA": 403588.60288,
  "TOTAL": 3556624.56288,
  "INT_FINANCIAMIENTO": 2347111.27711999,
  "COBRADO": "#XL_EVAL_ERROR#",
  "DEUDA": "#XL_EVAL_ERROR#",
  "PROYECCION": 0,
  "MOROSIDAD": "#XL_EVAL_ERROR#",
  "ESTATUS": "#XL_EVAL_ERROR#",
  "COMENTARIOS": "EXTRAJUDICIAL",
  "Columna1": "null"
},
{
  "_id": {
    "$oid": "64a313ff940289f59df22408"
  },
  "No": 338,
  "CONJUNTO": "AEROPUERTO",
  "NUMERO": "13E",
  "TIPO": "NAVE",
  "SUB_TOTAL": 3468339.54787234,
  "IVA": 443947.4624,
  "TOTAL": 3912287.01027234,
  "INT_FINANCIAMIENTO": 2581822.43972765,
  "COBRADO": "#XL_EVAL_ERROR#",
  "DEUDA": "#XL_EVAL_ERROR#",
  "PROYECCION": 0,
  "MOROSIDAD": "#XL_EVAL_ERROR#",
  "ESTATUS": "#XL_EVAL_ERROR#",
  "COMENTARIOS": "EXTRAJUDICIAL",
  "Columna1": "null"
},
{
  "_id": {
    "$oid": "64a313ff940289f59df22409"
  },
  "No": 339,
  "CONJUNTO": "AEROPUERTO",
  "NUMERO": "14E",
  "TIPO": "LOTE",
  "SUB_TOTAL": 1165583.93,
  "IVA": 0,
  "TOTAL": 1165583.93,
  "INT_FINANCIAMIENTO": 795709.962,
  "COBRADO": "#XL_EVAL_ERROR#",
  "DEUDA": "#XL_EVAL_ERROR#",
  "PROYECCION": 335546.886,
  "MOROSIDAD": "#XL_EVAL_ERROR#",
  "ESTATUS": "#XL_EVAL_ERROR#",
  "COMENTARIOS": "SE ATRASO ENERO 2022",
  "Columna1": "null"
},
{
  "_id": {
    "$oid": "64a313ff940289f59df2240a"
  },
  "No": 340,
  "CONJUNTO": "AEROPUERTO",
  "NUMERO": "15E",
  "TIPO": "LOTE",
  "SUB_TOTAL": 1059621.75,
  "IVA": 0,
  "TOTAL": 1059621.75,
  "INT_FINANCIAMIENTO": 723373.020000002,
  "COBRADO": "#XL_EVAL_ERROR#",
  "DEUDA": "#XL_EVAL_ERROR#",
  "PROYECCION": 313070.13,
  "MOROSIDAD": "#XL_EVAL_ERROR#",
  "ESTATUS": "#XL_EVAL_ERROR#",
  "COMENTARIOS": "SIN ATRASO",
  "Columna1": "TIENE BONO DE TIERRA"
},
{
  "_id": {
    "$oid": "64a313ff940289f59df2240b"
  },
  "No": 341,
  "CONJUNTO": "AEROPUERTO",
  "NUMERO": "16E",
  "TIPO": "LOTE",
  "SUB_TOTAL": 1059621.75,
  "IVA": 0,
  "TOTAL": 1059621.75,
  "INT_FINANCIAMIENTO": 723372.696,
  "COBRADO": "#XL_EVAL_ERROR#",
  "DEUDA": "#XL_EVAL_ERROR#",
  "PROYECCION": 313070.076,
  "MOROSIDAD": "#XL_EVAL_ERROR#",
  "ESTATUS": "#XL_EVAL_ERROR#",
  "COMENTARIOS": "SIN ATRASO",
  "Columna1": "null"
},
{
  "_id": {
    "$oid": "64a313ff940289f59df2240c"
  },
  "No": 342,
  "CONJUNTO": "AEROPUERTO",
  "NUMERO": "17E",
  "TIPO": "LOTE",
  "SUB_TOTAL": 1118006.38,
  "IVA": 0,
  "TOTAL": 1118006.38,
  "INT_FINANCIAMIENTO": 726764.763999998,
  "COBRADO": "#XL_EVAL_ERROR#",
  "DEUDA": "#XL_EVAL_ERROR#",
  "PROYECCION": 367953.98,
  "MOROSIDAD": "#XL_EVAL_ERROR#",
  "ESTATUS": "#XL_EVAL_ERROR#",
  "COMENTARIOS": "SE ATRASO JULIO 2020",
  "Columna1": "null"
},
{
  "_id": {
    "$oid": "64a313ff940289f59df2240d"
  },
  "No": 343,
  "CONJUNTO": "PEDRO ESCOBEDO",
  "NUMERO": "1A",
  "TIPO": "NAVE",
  "SUB_TOTAL": 3824765.16,
  "IVA": 489569.94048,
  "TOTAL": 4314335.10048,
  "INT_FINANCIAMIENTO": 2267857.46951998,
  "COBRADO": "#XL_EVAL_ERROR#",
  "DEUDA": "#XL_EVAL_ERROR#",
  "PROYECCION": 1441706.87,
  "MOROSIDAD": "#XL_EVAL_ERROR#",
  "ESTATUS": "#XL_EVAL_ERROR#",
  "COMENTARIOS": "SIN ATRASO",
  "Columna1": "null"
},
{
  "_id": {
    "$oid": "64a313ff940289f59df2240e"
  },
  "No": 344,
  "CONJUNTO": "PEDRO ESCOBEDO",
  "NUMERO": "2A",
  "TIPO": "NAVE",
  "SUB_TOTAL": 2073375,
  "IVA": 265392,
  "TOTAL": 2338767,
  "INT_FINANCIAMIENTO": 858198.552000008,
  "COBRADO": "#XL_EVAL_ERROR#",
  "DEUDA": "#XL_EVAL_ERROR#",
  "PROYECCION": 901312.5,
  "MOROSIDAD": "#XL_EVAL_ERROR#",
  "ESTATUS": "#XL_EVAL_ERROR#",
  "COMENTARIOS": "SIN ATRASO",
  "Columna1": "null"
},
{
  "_id": {
    "$oid": "64a313ff940289f59df2240f"
  },
  "No": 345,
  "CONJUNTO": "PEDRO ESCOBEDO",
  "NUMERO": "3A",
  "TIPO": "NAVE",
  "SUB_TOTAL": 2073375,
  "IVA": 265392,
  "TOTAL": 2338767,
  "INT_FINANCIAMIENTO": 1267410.48000001,
  "COBRADO": "#XL_EVAL_ERROR#",
  "DEUDA": "#XL_EVAL_ERROR#",
  "PROYECCION": 1030745.25,
  "MOROSIDAD": "#XL_EVAL_ERROR#",
  "ESTATUS": "#XL_EVAL_ERROR#",
  "COMENTARIOS": "SIN ATRASO",
  "Columna1": "null"
},
{
  "_id": {
    "$oid": "64a313ff940289f59df22410"
  },
  "No": 346,
  "CONJUNTO": "PEDRO ESCOBEDO",
  "NUMERO": "4A",
  "TIPO": "NAVE",
  "SUB_TOTAL": 2137500,
  "IVA": 273600,
  "TOTAL": 2411100,
  "INT_FINANCIAMIENTO": 1267410.48000001,
  "COBRADO": "#XL_EVAL_ERROR#",
  "DEUDA": "#XL_EVAL_ERROR#",
  "PROYECCION": 1103078.25,
  "MOROSIDAD": "#XL_EVAL_ERROR#",
  "ESTATUS": "#XL_EVAL_ERROR#",
  "COMENTARIOS": "SE ATRASO AGOSTO 2020",
  "Columna1": "null"
},
{
  "_id": {
    "$oid": "64a313ff940289f59df22411"
  },
  "No": 347,
  "CONJUNTO": "PEDRO ESCOBEDO",
  "NUMERO": "5A",
  "TIPO": "NAVE",
  "SUB_TOTAL": 2073375,
  "IVA": 265392,
  "TOTAL": 2338767,
  "INT_FINANCIAMIENTO": 1267410.48000001,
  "COBRADO": "#XL_EVAL_ERROR#",
  "DEUDA": "#XL_EVAL_ERROR#",
  "PROYECCION": 1016680.5,
  "MOROSIDAD": "#XL_EVAL_ERROR#",
  "ESTATUS": "#XL_EVAL_ERROR#",
  "COMENTARIOS": "SIN ATRASO",
  "Columna1": "null"
},
{
  "_id": {
    "$oid": "64a313ff940289f59df22412"
  },
  "No": 348,
  "CONJUNTO": "PEDRO ESCOBEDO",
  "NUMERO": "6A",
  "TIPO": "NAVE",
  "SUB_TOTAL": 2073375,
  "IVA": 265392,
  "TOTAL": 2338767,
  "INT_FINANCIAMIENTO": 1267410.48000001,
  "COBRADO": "#XL_EVAL_ERROR#",
  "DEUDA": "#XL_EVAL_ERROR#",
  "PROYECCION": 1016680.5,
  "MOROSIDAD": "#XL_EVAL_ERROR#",
  "ESTATUS": "#XL_EVAL_ERROR#",
  "COMENTARIOS": "SIN ATRASO",
  "Columna1": "null"
},
{
  "_id": {
    "$oid": "64a313ff940289f59df22413"
  },
  "No": 349,
  "CONJUNTO": "PEDRO ESCOBEDO",
  "NUMERO": "7A",
  "TIPO": "NAVE",
  "SUB_TOTAL": 3244725.6,
  "IVA": 415324.8768,
  "TOTAL": 3660050.4768,
  "INT_FINANCIAMIENTO": 633923.423199995,
  "COBRADO": "#XL_EVAL_ERROR#",
  "DEUDA": "#XL_EVAL_ERROR#",
  "PROYECCION": 579508.05,
  "MOROSIDAD": "#XL_EVAL_ERROR#",
  "ESTATUS": "#XL_EVAL_ERROR#",
  "COMENTARIOS": "SIN ATRASO",
  "Columna1": "null"
},
{
  "_id": {
    "$oid": "64a313ff940289f59df22414"
  },
  "No": 350,
  "CONJUNTO": "PEDRO ESCOBEDO",
  "NUMERO": "8A",
  "TIPO": "NAVE",
  "SUB_TOTAL": 3147383.83,
  "IVA": 402865.13024,
  "TOTAL": 3550248.96024,
  "INT_FINANCIAMIENTO": 1923928.74976,
  "COBRADO": "#XL_EVAL_ERROR#",
  "DEUDA": "#XL_EVAL_ERROR#",
  "PROYECCION": 1329818.27,
  "MOROSIDAD": "#XL_EVAL_ERROR#",
  "ESTATUS": "#XL_EVAL_ERROR#",
  "COMENTARIOS": "SIN ATRASO",
  "Columna1": "null"
},
{
  "_id": {
    "$oid": "64a313ff940289f59df22415"
  },
  "No": 351,
  "CONJUNTO": "PEDRO ESCOBEDO",
  "NUMERO": "9A",
  "TIPO": "NAVE",
  "SUB_TOTAL": 2991930.35,
  "IVA": 382967.08,
  "TOTAL": 3374897.43,
  "INT_FINANCIAMIENTO": 1803683.15,
  "COBRADO": "#XL_EVAL_ERROR#",
  "DEUDA": "#XL_EVAL_ERROR#",
  "PROYECCION": 870050.37,
  "MOROSIDAD": "#XL_EVAL_ERROR#",
  "ESTATUS": "#XL_EVAL_ERROR#",
  "COMENTARIOS": "SIN ATRASO",
  "Columna1": "null"
},
{
  "_id": {
    "$oid": "64a313ff940289f59df22416"
  },
  "No": 352,
  "CONJUNTO": "PEDRO ESCOBEDO",
  "NUMERO": "10A",
  "TIPO": "NAVE",
  "SUB_TOTAL": 3228501.97,
  "IVA": 413248.25216,
  "TOTAL": 3641750.22216,
  "INT_FINANCIAMIENTO": 1923928.75784,
  "COBRADO": "#XL_EVAL_ERROR#",
  "DEUDA": "#XL_EVAL_ERROR#",
  "PROYECCION": 1012613.91,
  "MOROSIDAD": "#XL_EVAL_ERROR#",
  "ESTATUS": "#XL_EVAL_ERROR#",
  "COMENTARIOS": "SIN ATRASO",
  "Columna1": "null"
},
{
  "_id": {
    "$oid": "64a313ff940289f59df22417"
  },
  "No": 353,
  "CONJUNTO": "PEDRO ESCOBEDO",
  "NUMERO": "11A",
  "TIPO": "LOTE",
  "SUB_TOTAL": 1180260,
  "IVA": 0,
  "TOTAL": 1180260,
  "INT_FINANCIAMIENTO": 204422.040000001,
  "COBRADO": "#XL_EVAL_ERROR#",
  "DEUDA": "#XL_EVAL_ERROR#",
  "PROYECCION": 118026,
  "MOROSIDAD": "#XL_EVAL_ERROR#",
  "ESTATUS": "#XL_EVAL_ERROR#",
  "COMENTARIOS": "EXTRAJUDICIAL",
  "Columna1": "null"
},
{
  "_id": {
    "$oid": "64a313ff940289f59df22418"
  },
  "No": 354,
  "CONJUNTO": "PEDRO ESCOBEDO",
  "NUMERO": "12A",
  "TIPO": "LOTE",
  "SUB_TOTAL": 1180260,
  "IVA": 0,
  "TOTAL": 1180260,
  "INT_FINANCIAMIENTO": 204422.040000001,
  "COBRADO": "#XL_EVAL_ERROR#",
  "DEUDA": "#XL_EVAL_ERROR#",
  "PROYECCION": 118026,
  "MOROSIDAD": "#XL_EVAL_ERROR#",
  "ESTATUS": "#XL_EVAL_ERROR#",
  "COMENTARIOS": "EXTRAJUDICIAL",
  "Columna1": "null"
},
{
  "_id": {
    "$oid": "64a313ff940289f59df22419"
  },
  "No": 355,
  "CONJUNTO": "PEDRO ESCOBEDO",
  "NUMERO": "13A",
  "TIPO": "LOTE",
  "SUB_TOTAL": 818235,
  "IVA": 0,
  "TOTAL": 818235,
  "INT_FINANCIAMIENTO": 558584.88,
  "COBRADO": "#XL_EVAL_ERROR#",
  "DEUDA": "#XL_EVAL_ERROR#",
  "PROYECCION": 241751.25,
  "MOROSIDAD": "#XL_EVAL_ERROR#",
  "ESTATUS": "#XL_EVAL_ERROR#",
  "COMENTARIOS": "SE ATRASO FEB 2021",
  "Columna1": "null"
},
{
  "_id": {
    "$oid": "64a313ff940289f59df2241a"
  },
  "No": 356,
  "CONJUNTO": "PEDRO ESCOBEDO",
  "NUMERO": "14A",
  "TIPO": "LOTE",
  "SUB_TOTAL": 846450,
  "IVA": 0,
  "TOTAL": 846450,
  "INT_FINANCIAMIENTO": 577846.919999997,
  "COBRADO": "#XL_EVAL_ERROR#",
  "DEUDA": "#XL_EVAL_ERROR#",
  "PROYECCION": 250087.5,
  "MOROSIDAD": "#XL_EVAL_ERROR#",
  "ESTATUS": "#XL_EVAL_ERROR#",
  "COMENTARIOS": "SIN ATRASO",
  "Columna1": "null"
},
{
  "_id": {
    "$oid": "64a313ff940289f59df2241b"
  },
  "No": 357,
  "CONJUNTO": "PEDRO ESCOBEDO",
  "NUMERO": "15A",
  "TIPO": "LOTE",
  "SUB_TOTAL": 818235,
  "IVA": 0,
  "TOTAL": 818235,
  "INT_FINANCIAMIENTO": 556661.058000002,
  "COBRADO": "#XL_EVAL_ERROR#",
  "DEUDA": "#XL_EVAL_ERROR#",
  "PROYECCION": 249914.322,
  "MOROSIDAD": "#XL_EVAL_ERROR#",
  "ESTATUS": "#XL_EVAL_ERROR#",
  "COMENTARIOS": "SE ATRASO JULIO 2020",
  "Columna1": "null"
},
{
  "_id": {
    "$oid": "64a313ff940289f59df2241c"
  },
  "No": 358,
  "CONJUNTO": "PEDRO ESCOBEDO",
  "NUMERO": "16A",
  "TIPO": "LOTE",
  "SUB_TOTAL": 1148957.12,
  "IVA": 0,
  "TOTAL": 1148957.12,
  "INT_FINANCIAMIENTO": 784359.373999998,
  "COBRADO": "#XL_EVAL_ERROR#",
  "DEUDA": "#XL_EVAL_ERROR#",
  "PROYECCION": 330760.396,
  "MOROSIDAD": "#XL_EVAL_ERROR#",
  "ESTATUS": "#XL_EVAL_ERROR#",
  "COMENTARIOS": "SIN ATRASO",
  "Columna1": "null"
},
{
  "_id": {
    "$oid": "64a313ff940289f59df2241d"
  },
  "No": 359,
  "CONJUNTO": "PEDRO ESCOBEDO",
  "NUMERO": "1B",
  "TIPO": "NAVE",
  "SUB_TOTAL": 3842576.693,
  "IVA": 491849.816704,
  "TOTAL": 4334426.509704,
  "INT_FINANCIAMIENTO": 2278418.80029602,
  "COBRADO": "#XL_EVAL_ERROR#",
  "DEUDA": "#XL_EVAL_ERROR#",
  "PROYECCION": 1397852.45,
  "MOROSIDAD": "#XL_EVAL_ERROR#",
  "ESTATUS": "#XL_EVAL_ERROR#",
  "COMENTARIOS": "SIN ATRASO",
  "Columna1": "null"
},
{
  "_id": {
    "$oid": "64a313ff940289f59df2241e"
  },
  "No": 360,
  "CONJUNTO": "PEDRO ESCOBEDO",
  "NUMERO": "2B",
  "TIPO": "NAVE",
  "SUB_TOTAL": 2612452.5,
  "IVA": 334393.92,
  "TOTAL": 2946846.42,
  "INT_FINANCIAMIENTO": 1596937.18000002,
  "COBRADO": "#XL_EVAL_ERROR#",
  "DEUDA": "#XL_EVAL_ERROR#",
  "PROYECCION": 1227852.77,
  "MOROSIDAD": "#XL_EVAL_ERROR#",
  "ESTATUS": "#XL_EVAL_ERROR#",
  "COMENTARIOS": "SE ATRASO FEB 2022",
  "Columna1": "null"
},
{
  "_id": {
    "$oid": "64a313ff940289f59df2241f"
  },
  "No": 361,
  "CONJUNTO": "PEDRO ESCOBEDO",
  "NUMERO": "3B",
  "TIPO": "NAVE",
  "SUB_TOTAL": 2612452.5,
  "IVA": 334393.92,
  "TOTAL": 2946846.42,
  "INT_FINANCIAMIENTO": 1596937.20000002,
  "COBRADO": "#XL_EVAL_ERROR#",
  "DEUDA": "#XL_EVAL_ERROR#",
  "PROYECCION": 1245574.38,
  "MOROSIDAD": "#XL_EVAL_ERROR#",
  "ESTATUS": "#XL_EVAL_ERROR#",
  "COMENTARIOS": "SIN ATRASO",
  "Columna1": "null"
},
{
  "_id": {
    "$oid": "64a313ff940289f59df22420"
  },
  "No": 362,
  "CONJUNTO": "PEDRO ESCOBEDO",
  "NUMERO": "4B",
  "TIPO": "NAVE",
  "SUB_TOTAL": 2693250,
  "IVA": 344736,
  "TOTAL": 3037986,
  "INT_FINANCIAMIENTO": 1596937.20000002,
  "COBRADO": "#XL_EVAL_ERROR#",
  "DEUDA": "#XL_EVAL_ERROR#",
  "PROYECCION": 1336713.96,
  "MOROSIDAD": "#XL_EVAL_ERROR#",
  "ESTATUS": "#XL_EVAL_ERROR#",
  "COMENTARIOS": "SIN ATRASO",
  "Columna1": "null"
},
{
  "_id": {
    "$oid": "64a313ff940289f59df22421"
  },
  "No": 363,
  "CONJUNTO": "PEDRO ESCOBEDO",
  "NUMERO": "5B",
  "TIPO": "NAVE",
  "SUB_TOTAL": 2612452.5,
  "IVA": 334393.92,
  "TOTAL": 2946846.42,
  "INT_FINANCIAMIENTO": 1596937.20000002,
  "COBRADO": "#XL_EVAL_ERROR#",
  "DEUDA": "#XL_EVAL_ERROR#",
  "PROYECCION": 1227852.79,
  "MOROSIDAD": "#XL_EVAL_ERROR#",
  "ESTATUS": "#XL_EVAL_ERROR#",
  "COMENTARIOS": "SE ATRASO NOV 2020",
  "Columna1": "null"
},
{
  "_id": {
    "$oid": "64a313ff940289f59df22422"
  },
  "No": 364,
  "CONJUNTO": "PEDRO ESCOBEDO",
  "NUMERO": "6B",
  "TIPO": "NAVE",
  "SUB_TOTAL": 2612452.5,
  "IVA": 334393.92,
  "TOTAL": 2946846.42,
  "INT_FINANCIAMIENTO": 1596937.20000002,
  "COBRADO": "#XL_EVAL_ERROR#",
  "DEUDA": "#XL_EVAL_ERROR#",
  "PROYECCION": 1227852.79,
  "MOROSIDAD": "#XL_EVAL_ERROR#",
  "ESTATUS": "#XL_EVAL_ERROR#",
  "COMENTARIOS": "SE ATRASO NOV 2020",
  "Columna1": "null"
},
{
  "_id": {
    "$oid": "64a313ff940289f59df22423"
  },
  "No": 365,
  "CONJUNTO": "PEDRO ESCOBEDO",
  "NUMERO": "7B",
  "TIPO": "NAVE",
  "SUB_TOTAL": 2612452.5,
  "IVA": 334393.92,
  "TOTAL": 2946846.42,
  "INT_FINANCIAMIENTO": 1596937.20000002,
  "COBRADO": "#XL_EVAL_ERROR#",
  "DEUDA": "#XL_EVAL_ERROR#",
  "PROYECCION": 1227852.79,
  "MOROSIDAD": "#XL_EVAL_ERROR#",
  "ESTATUS": "#XL_EVAL_ERROR#",
  "COMENTARIOS": "SE ATRASO NOV 2020",
  "Columna1": "null"
},
{
  "_id": {
    "$oid": "64a313ff940289f59df22424"
  },
  "No": 366,
  "CONJUNTO": "PEDRO ESCOBEDO",
  "NUMERO": "8B",
  "TIPO": "NAVE",
  "SUB_TOTAL": 3543240.36,
  "IVA": 453534.76608,
  "TOTAL": 3996775.12608,
  "INT_FINANCIAMIENTO": 692244.163919995,
  "COBRADO": "#XL_EVAL_ERROR#",
  "DEUDA": "#XL_EVAL_ERROR#",
  "PROYECCION": 632822.71,
  "MOROSIDAD": "#XL_EVAL_ERROR#",
  "ESTATUS": "#XL_EVAL_ERROR#",
  "COMENTARIOS": "SIN ATRASO",
  "Columna1": "null"
},
{
  "_id": {
    "$oid": "64a313ff940289f59df22425"
  },
  "No": 367,
  "CONJUNTO": "PEDRO ESCOBEDO",
  "NUMERO": "9B",
  "TIPO": "NAVE",
  "SUB_TOTAL": 3634092.67,
  "IVA": 465163.86176,
  "TOTAL": 4099256.53176,
  "INT_FINANCIAMIENTO": 709994.188240002,
  "COBRADO": "#XL_EVAL_ERROR#",
  "DEUDA": "#XL_EVAL_ERROR#",
  "PROYECCION": 1421075.6,
  "MOROSIDAD": "#XL_EVAL_ERROR#",
  "ESTATUS": "#XL_EVAL_ERROR#",
  "COMENTARIOS": "SE ATRASO JULIO 2022",
  "Columna1": "null"
},
{
  "_id": {
    "$oid": "64a313ff940289f59df22426"
  },
  "No": 368,
  "CONJUNTO": "PEDRO ESCOBEDO",
  "NUMERO": "10B",
  "TIPO": "NAVE",
  "SUB_TOTAL": 3634092.67,
  "IVA": 465163.86,
  "TOTAL": 4099256.53176,
  "INT_FINANCIAMIENTO": 709994.238240001,
  "COBRADO": "#XL_EVAL_ERROR#",
  "DEUDA": "#XL_EVAL_ERROR#",
  "PROYECCION": 649049,
  "MOROSIDAD": "#XL_EVAL_ERROR#",
  "ESTATUS": "#XL_EVAL_ERROR#",
  "COMENTARIOS": "SIN ATRASO",
  "Columna1": "null"
},
{
  "_id": {
    "$oid": "64a313ff940289f59df22427"
  },
  "No": 369,
  "CONJUNTO": "PEDRO ESCOBEDO",
  "NUMERO": "11B",
  "TIPO": "LOTE",
  "SUB_TOTAL": 1388822.4,
  "IVA": 0,
  "TOTAL": 1388822.4,
  "INT_FINANCIAMIENTO": 240545.28,
  "COBRADO": "#XL_EVAL_ERROR#",
  "DEUDA": "#XL_EVAL_ERROR#",
  "PROYECCION": 138882.24,
  "MOROSIDAD": "#XL_EVAL_ERROR#",
  "ESTATUS": "#XL_EVAL_ERROR#",
  "COMENTARIOS": "EXTRAJUDICIAL",
  "Columna1": "null"
},
{
  "_id": {
    "$oid": "64a313ff940289f59df22428"
  },
  "No": 370,
  "CONJUNTO": "PEDRO ESCOBEDO",
  "NUMERO": "12B",
  "TIPO": "LOTE",
  "SUB_TOTAL": 1388822.4,
  "IVA": 0,
  "TOTAL": 1388822.4,
  "INT_FINANCIAMIENTO": 240545.28,
  "COBRADO": "#XL_EVAL_ERROR#",
  "DEUDA": "#XL_EVAL_ERROR#",
  "PROYECCION": 138882.24,
  "MOROSIDAD": "#XL_EVAL_ERROR#",
  "ESTATUS": "#XL_EVAL_ERROR#",
  "COMENTARIOS": "EXTRAJUDICIAL",
  "Columna1": "null"
},
{
  "_id": {
    "$oid": "64a313ff940289f59df22429"
  },
  "No": 371,
  "CONJUNTO": "PEDRO ESCOBEDO",
  "NUMERO": "13B",
  "TIPO": "LOTE",
  "SUB_TOTAL": 948024,
  "IVA": 0,
  "TOTAL": 948024,
  "INT_FINANCIAMIENTO": 647188.080000004,
  "COBRADO": "#XL_EVAL_ERROR#",
  "DEUDA": "#XL_EVAL_ERROR#",
  "PROYECCION": 280098,
  "MOROSIDAD": "#XL_EVAL_ERROR#",
  "ESTATUS": "#XL_EVAL_ERROR#",
  "COMENTARIOS": "SIN ATRASO",
  "Columna1": "null"
},
{
  "_id": {
    "$oid": "64a313ff940289f59df2242a"
  },
  "No": 372,
  "CONJUNTO": "PEDRO ESCOBEDO",
  "NUMERO": "14B",
  "TIPO": "LOTE",
  "SUB_TOTAL": 948024,
  "IVA": 0,
  "TOTAL": 948024,
  "INT_FINANCIAMIENTO": 647188.164000003,
  "COBRADO": "#XL_EVAL_ERROR#",
  "DEUDA": "#XL_EVAL_ERROR#",
  "PROYECCION": 280098,
  "MOROSIDAD": "#XL_EVAL_ERROR#",
  "ESTATUS": "#XL_EVAL_ERROR#",
  "COMENTARIOS": "SE ATRASO DIC 2020",
  "Columna1": "null"
},
{
  "_id": {
    "$oid": "64a313ff940289f59df2242b"
  },
  "No": 373,
  "CONJUNTO": "PEDRO ESCOBEDO",
  "NUMERO": "15B",
  "TIPO": "LOTE",
  "SUB_TOTAL": 948024,
  "IVA": 0,
  "TOTAL": 948024,
  "INT_FINANCIAMIENTO": 647188.080000004,
  "COBRADO": "#XL_EVAL_ERROR#",
  "DEUDA": "#XL_EVAL_ERROR#",
  "PROYECCION": 280098,
  "MOROSIDAD": "#XL_EVAL_ERROR#",
  "ESTATUS": "#XL_EVAL_ERROR#",
  "COMENTARIOS": "SE ATRASO SEP 2020",
  "Columna1": "null"
},
{
  "_id": {
    "$oid": "64a313ff940289f59df2242c"
  },
  "No": 374,
  "CONJUNTO": "PEDRO ESCOBEDO",
  "NUMERO": "16B",
  "TIPO": "LOTE",
  "SUB_TOTAL": 0,
  "IVA": 0,
  "TOTAL": 0,
  "INT_FINANCIAMIENTO": 0,
  "COBRADO": "#XL_EVAL_ERROR#",
  "DEUDA": "#XL_EVAL_ERROR#",
  "PROYECCION": 0,
  "MOROSIDAD": "#XL_EVAL_ERROR#",
  "ESTATUS": "#XL_EVAL_ERROR#",
  "COMENTARIOS": "BERENICE",
  "Columna1": "null"
},
{
  "_id": {
    "$oid": "64a313ff940289f59df2242d"
  },
  "No": 375,
  "CONJUNTO": "PEDRO ESCOBEDO",
  "NUMERO": "1C",
  "TIPO": "NAVE",
  "SUB_TOTAL": 3806939.39716312,
  "IVA": 487288.24283688,
  "TOTAL": 4294227.64,
  "INT_FINANCIAMIENTO": 2257288.16999999,
  "COBRADO": "#XL_EVAL_ERROR#",
  "DEUDA": "#XL_EVAL_ERROR#",
  "PROYECCION": 1914509.79,
  "MOROSIDAD": "#XL_EVAL_ERROR#",
  "ESTATUS": "#XL_EVAL_ERROR#",
  "COMENTARIOS": "SIN ATRASO",
  "Columna1": "null"
},
{
  "_id": {
    "$oid": "64a313ff940289f59df2242e"
  },
  "No": 376,
  "CONJUNTO": "PEDRO ESCOBEDO",
  "NUMERO": "2C",
  "TIPO": "NAVE",
  "SUB_TOTAL": 3332896.88,
  "IVA": 426610.80064,
  "TOTAL": 3759507.68064,
  "INT_FINANCIAMIENTO": 1976209.01935998,
  "COBRADO": "#XL_EVAL_ERROR#",
  "DEUDA": "#XL_EVAL_ERROR#",
  "PROYECCION": 1654183.34,
  "MOROSIDAD": "#XL_EVAL_ERROR#",
  "ESTATUS": "#XL_EVAL_ERROR#",
  "COMENTARIOS": "SE ATRASO AGOSTO 2022",
  "Columna1": "null"
},
{
  "_id": {
    "$oid": "64a313ff940289f59df2242f"
  },
  "No": 377,
  "CONJUNTO": "PEDRO ESCOBEDO",
  "NUMERO": "3C",
  "TIPO": "NAVE",
  "SUB_TOTAL": 3911049.29,
  "IVA": 500614.30912,
  "TOTAL": 4411663.59912,
  "INT_FINANCIAMIENTO": 764103.320879999,
  "COBRADO": "#XL_EVAL_ERROR#",
  "DEUDA": "#XL_EVAL_ERROR#",
  "PROYECCION": 800816.46,
  "MOROSIDAD": "#XL_EVAL_ERROR#",
  "ESTATUS": "#XL_EVAL_ERROR#",
  "COMENTARIOS": "SIN ATRASO",
  "Columna1": "null"
},
{
  "_id": {
    "$oid": "64a313ff940289f59df22430"
  },
  "No": 378,
  "CONJUNTO": "PEDRO ESCOBEDO",
  "NUMERO": "4C",
  "TIPO": "NAVE",
  "SUB_TOTAL": 4190563.11,
  "IVA": 536392.08,
  "TOTAL": 4726955.19,
  "INT_FINANCIAMIENTO": 598120.729999996,
  "COBRADO": "#XL_EVAL_ERROR#",
  "DEUDA": "#XL_EVAL_ERROR#",
  "PROYECCION": 693286.76,
  "MOROSIDAD": "#XL_EVAL_ERROR#",
  "ESTATUS": "#XL_EVAL_ERROR#",
  "COMENTARIOS": "SIN ATRASO",
  "Columna1": "null"
},
{
  "_id": {
    "$oid": "64a313ff940289f59df22431"
  },
  "No": 379,
  "CONJUNTO": "PEDRO ESCOBEDO",
  "NUMERO": "5C",
  "TIPO": "NAVE",
  "SUB_TOTAL": 3832832.12,
  "IVA": 490602.51136,
  "TOTAL": 4323434.63136,
  "INT_FINANCIAMIENTO": 748821.908639999,
  "COBRADO": "#XL_EVAL_ERROR#",
  "DEUDA": "#XL_EVAL_ERROR#",
  "PROYECCION": 1851871.15,
  "MOROSIDAD": "#XL_EVAL_ERROR#",
  "ESTATUS": "#XL_EVAL_ERROR#",
  "COMENTARIOS": "SE ATRASO FEB 2022",
  "Columna1": "null"
},
{
  "_id": {
    "$oid": "64a313ff940289f59df22432"
  },
  "No": 380,
  "CONJUNTO": "PEDRO ESCOBEDO",
  "NUMERO": "6C",
  "TIPO": "NAVE",
  "SUB_TOTAL": 3832832.12,
  "IVA": 490602.51,
  "TOTAL": 4323434.63,
  "INT_FINANCIAMIENTO": 748821.909999999,
  "COBRADO": "#XL_EVAL_ERROR#",
  "DEUDA": "#XL_EVAL_ERROR#",
  "PROYECCION": 1851871.15,
  "MOROSIDAD": "#XL_EVAL_ERROR#",
  "ESTATUS": "#XL_EVAL_ERROR#",
  "COMENTARIOS": "SE ATRASO ENERO 2022",
  "Columna1": "null"
},
{
  "_id": {
    "$oid": "64a313ff940289f59df22433"
  },
  "No": 381,
  "CONJUNTO": "PEDRO ESCOBEDO",
  "NUMERO": "7C",
  "TIPO": "LOTE",
  "SUB_TOTAL": 1584073.26,
  "IVA": 0,
  "TOTAL": 1584073.26,
  "INT_FINANCIAMIENTO": 279206.720000001,
  "COBRADO": "#XL_EVAL_ERROR#",
  "DEUDA": "#XL_EVAL_ERROR#",
  "PROYECCION": 288013.32,
  "MOROSIDAD": "#XL_EVAL_ERROR#",
  "ESTATUS": "#XL_EVAL_ERROR#",
  "COMENTARIOS": "SIN ATRASO",
  "Columna1": "null"
},
{
  "_id": {
    "$oid": "64a313ff940289f59df22434"
  },
  "No": 382,
  "CONJUNTO": "PEDRO ESCOBEDO",
  "NUMERO": "8C",
  "TIPO": "LOTE",
  "SUB_TOTAL": 1584073.26,
  "IVA": 0,
  "TOTAL": 1584073.26,
  "INT_FINANCIAMIENTO": 279211.199999999,
  "COBRADO": "#XL_EVAL_ERROR#",
  "DEUDA": "#XL_EVAL_ERROR#",
  "PROYECCION": 288013.32,
  "MOROSIDAD": "#XL_EVAL_ERROR#",
  "ESTATUS": "#XL_EVAL_ERROR#",
  "COMENTARIOS": "SIN ATRASO",
  "Columna1": "null"
},
{
  "_id": {
    "$oid": "64a313ff940289f59df22435"
  },
  "No": 384,
  "CONJUNTO": "PEDRO ESCOBEDO",
  "NUMERO": "10C",
  "TIPO": "LOTE",
  "SUB_TOTAL": 1066527,
  "IVA": 0,
  "TOTAL": 1066527,
  "INT_FINANCIAMIENTO": 728086.799999997,
  "COBRADO": "#XL_EVAL_ERROR#",
  "DEUDA": "#XL_EVAL_ERROR#",
  "PROYECCION": 315110.25,
  "MOROSIDAD": "#XL_EVAL_ERROR#",
  "ESTATUS": "#XL_EVAL_ERROR#",
  "COMENTARIOS": "SIN ATRASO",
  "Columna1": "null"
},
{
  "_id": {
    "$oid": "64a313ff940289f59df22436"
  },
  "No": 385,
  "CONJUNTO": "PEDRO ESCOBEDO",
  "NUMERO": "11C",
  "TIPO": "LOTE",
  "SUB_TOTAL": 1060884,
  "IVA": 0,
  "TOTAL": 1060884,
  "INT_FINANCIAMIENTO": 724234.560000003,
  "COBRADO": "#XL_EVAL_ERROR#",
  "DEUDA": "#XL_EVAL_ERROR#",
  "PROYECCION": 313443,
  "MOROSIDAD": "#XL_EVAL_ERROR#",
  "ESTATUS": "#XL_EVAL_ERROR#",
  "COMENTARIOS": "SE ATRASO JULIO 2020",
  "Columna1": "null"
},
{
  "_id": {
    "$oid": "64a313ff940289f59df22437"
  },
  "No": 386,
  "CONJUNTO": "PEDRO ESCOBEDO",
  "NUMERO": "12C",
  "TIPO": "LOTE",
  "SUB_TOTAL": 1393604.93,
  "IVA": 0,
  "TOTAL": 1393604.93,
  "INT_FINANCIAMIENTO": 951372.709999998,
  "COBRADO": "#XL_EVAL_ERROR#",
  "DEUDA": "#XL_EVAL_ERROR#",
  "PROYECCION": 411746.83,
  "MOROSIDAD": "#XL_EVAL_ERROR#",
  "ESTATUS": "#XL_EVAL_ERROR#",
  "COMENTARIOS": "SIN ATRASO",
  "Columna1": "null"
},
{
  "_id": {
    "$oid": "64a313ff940289f59df22438"
  },
  "No": 387,
  "CONJUNTO": "PEDRO ESCOBEDO",
  "NUMERO": "1D",
  "TIPO": "NAVE",
  "SUB_TOTAL": 0,
  "IVA": 0,
  "TOTAL": 0,
  "INT_FINANCIAMIENTO": 0,
  "COBRADO": "#XL_EVAL_ERROR#",
  "DEUDA": "#XL_EVAL_ERROR#",
  "PROYECCION": 0,
  "MOROSIDAD": "0",
  "ESTATUS": "AL CORRIENTE",
  "COMENTARIOS": "SIN ATRASO",
  "Columna1": "null"
},
{
  "_id": {
    "$oid": "64a313ff940289f59df22439"
  },
  "No": 388,
  "CONJUNTO": "PEDRO ESCOBEDO",
  "NUMERO": "2D",
  "TIPO": "NAVE",
  "SUB_TOTAL": 0,
  "IVA": 0,
  "TOTAL": 0,
  "INT_FINANCIAMIENTO": 0,
  "COBRADO": "#XL_EVAL_ERROR#",
  "DEUDA": "#XL_EVAL_ERROR#",
  "PROYECCION": 0,
  "MOROSIDAD": "#XL_EVAL_ERROR#",
  "ESTATUS": "#XL_EVAL_ERROR#",
  "COMENTARIOS": "SIN ATRASO",
  "Columna1": "null"
},
{
  "_id": {
    "$oid": "64a313ff940289f59df2243a"
  },
  "No": 389,
  "CONJUNTO": "PEDRO ESCOBEDO",
  "NUMERO": "3D",
  "TIPO": "NAVE",
  "SUB_TOTAL": 3586275,
  "IVA": 459043.2,
  "TOTAL": 4045318.2,
  "INT_FINANCIAMIENTO": 464788.019999999,
  "COBRADO": "#XL_EVAL_ERROR#",
  "DEUDA": "#XL_EVAL_ERROR#",
  "PROYECCION": 1388892.59,
  "MOROSIDAD": "#XL_EVAL_ERROR#",
  "ESTATUS": "#XL_EVAL_ERROR#",
  "COMENTARIOS": "SIN ATRASO",
  "Columna1": "null"
},
{
  "_id": {
    "$oid": "64a313ff940289f59df2243b"
  },
  "No": 390,
  "CONJUNTO": "PEDRO ESCOBEDO",
  "NUMERO": "4D",
  "TIPO": "NAVE",
  "SUB_TOTAL": 3162442.5,
  "IVA": 404792.64,
  "TOTAL": 3567235.14,
  "INT_FINANCIAMIENTO": 1933134.60000001,
  "COBRADO": "#XL_EVAL_ERROR#",
  "DEUDA": "#XL_EVAL_ERROR#",
  "PROYECCION": 1529252.99,
  "MOROSIDAD": "#XL_EVAL_ERROR#",
  "ESTATUS": "#XL_EVAL_ERROR#",
  "COMENTARIOS": "SE ATRASO SEP 2022",
  "Columna1": "null"
},
{
  "_id": {
    "$oid": "64a313ff940289f59df2243c"
  },
  "No": 391,
  "CONJUNTO": "PEDRO ESCOBEDO",
  "NUMERO": "5D",
  "TIPO": "NAVE",
  "SUB_TOTAL": 3586275,
  "IVA": 459043.2,
  "TOTAL": 4045318.2,
  "INT_FINANCIAMIENTO": 2126447.46,
  "COBRADO": "#XL_EVAL_ERROR#",
  "DEUDA": "#XL_EVAL_ERROR#",
  "PROYECCION": 1351810.51,
  "MOROSIDAD": "#XL_EVAL_ERROR#",
  "ESTATUS": "#XL_EVAL_ERROR#",
  "COMENTARIOS": "SE ATRASO DIC 2020",
  "Columna1": "null"
},
{
  "_id": {
    "$oid": "64a313ff940289f59df2243d"
  },
  "No": 392,
  "CONJUNTO": "PEDRO ESCOBEDO",
  "NUMERO": "6D",
  "TIPO": "NAVE",
  "SUB_TOTAL": 4399164,
  "IVA": 563092.992,
  "TOTAL": 4962256.992,
  "INT_FINANCIAMIENTO": 957652.618000004,
  "COBRADO": "#XL_EVAL_ERROR#",
  "DEUDA": "#XL_EVAL_ERROR#",
  "PROYECCION": 1315268.55,
  "MOROSIDAD": "#XL_EVAL_ERROR#",
  "ESTATUS": "#XL_EVAL_ERROR#",
  "COMENTARIOS": "EXTRAJUDICIAL",
  "Columna1": "null"
},
{
  "_id": {
    "$oid": "64a313ff940289f59df2243e"
  },
  "No": 393,
  "CONJUNTO": "PEDRO ESCOBEDO",
  "NUMERO": "7D",
  "TIPO": "LOTE",
  "SUB_TOTAL": 4839080.4,
  "IVA": 619402.2912,
  "TOTAL": 5458482.6912,
  "INT_FINANCIAMIENTO": 308590.408799999,
  "COBRADO": "#XL_EVAL_ERROR#",
  "DEUDA": "#XL_EVAL_ERROR#",
  "PROYECCION": 900649.66,
  "MOROSIDAD": "#XL_EVAL_ERROR#",
  "ESTATUS": "#XL_EVAL_ERROR#",
  "COMENTARIOS": "SIN ATRASO",
  "Columna1": "null"
},
{
  "_id": {
    "$oid": "64a313ff940289f59df2243f"
  },
  "No": 394,
  "CONJUNTO": "PEDRO ESCOBEDO",
  "NUMERO": "8D",
  "TIPO": "LOTE",
  "SUB_TOTAL": 1697960.88,
  "IVA": 0,
  "TOTAL": 1697960.88,
  "INT_FINANCIAMIENTO": 381932.639999999,
  "COBRADO": "#XL_EVAL_ERROR#",
  "DEUDA": "#XL_EVAL_ERROR#",
  "PROYECCION": 360173.52,
  "MOROSIDAD": "#XL_EVAL_ERROR#",
  "ESTATUS": "#XL_EVAL_ERROR#",
  "COMENTARIOS": "SE ATRASO ABRIL 2022",
  "Columna1": "null"
},
{
  "_id": {
    "$oid": "64a313ff940289f59df22440"
  },
  "No": 395,
  "CONJUNTO": "PEDRO ESCOBEDO",
  "NUMERO": "9D",
  "TIPO": "LOTE",
  "SUB_TOTAL": 1697960.88,
  "IVA": 0,
  "TOTAL": 1697960.88,
  "INT_FINANCIAMIENTO": 381932.639999999,
  "COBRADO": "#XL_EVAL_ERROR#",
  "DEUDA": "#XL_EVAL_ERROR#",
  "PROYECCION": 360173.52,
  "MOROSIDAD": "#XL_EVAL_ERROR#",
  "ESTATUS": "#XL_EVAL_ERROR#",
  "COMENTARIOS": "SIN ATRASO",
  "Columna1": "null"
},
{
  "_id": {
    "$oid": "64a313ff940289f59df22441"
  },
  "No": 396,
  "CONJUNTO": "PEDRO ESCOBEDO",
  "NUMERO": "10D",
  "TIPO": "LOTE",
  "SUB_TOTAL": 1070165.25,
  "IVA": 0,
  "TOTAL": 1070165.25,
  "INT_FINANCIAMIENTO": 683489.370000005,
  "COBRADO": "#XL_EVAL_ERROR#",
  "DEUDA": "#XL_EVAL_ERROR#",
  "PROYECCION": 372359.82,
  "MOROSIDAD": "#XL_EVAL_ERROR#",
  "ESTATUS": "#XL_EVAL_ERROR#",
  "COMENTARIOS": "SIN ATRASO",
  "Columna1": "null"
},
{
  "_id": {
    "$oid": "64a313ff940289f59df22442"
  },
  "No": 397,
  "CONJUNTO": "PEDRO ESCOBEDO",
  "NUMERO": "11D",
  "TIPO": "LOTE",
  "SUB_TOTAL": 1107067.5,
  "IVA": 0,
  "TOTAL": 1107067.5,
  "INT_FINANCIAMIENTO": 755762.880000004,
  "COBRADO": "#XL_EVAL_ERROR#",
  "DEUDA": "#XL_EVAL_ERROR#",
  "PROYECCION": 327088.26,
  "MOROSIDAD": "#XL_EVAL_ERROR#",
  "ESTATUS": "#XL_EVAL_ERROR#",
  "COMENTARIOS": "SIN ATRASO",
  "Columna1": "null"
},
{
  "_id": {
    "$oid": "64a313ff940289f59df22443"
  },
  "No": 398,
  "CONJUNTO": "PEDRO ESCOBEDO",
  "NUMERO": "12D",
  "TIPO": "LOTE",
  "SUB_TOTAL": 2323901.38,
  "IVA": 0,
  "TOTAL": 2323901.38,
  "INT_FINANCIAMIENTO": 1570594.66400001,
  "COBRADO": "#XL_EVAL_ERROR#",
  "DEUDA": "#XL_EVAL_ERROR#",
  "PROYECCION": 458970.52,
  "MOROSIDAD": "#XL_EVAL_ERROR#",
  "ESTATUS": "#XL_EVAL_ERROR#",
  "COMENTARIOS": "SE ATRASO MAYO 2022",
  "Columna1": "null"
},
{
  "_id": {
    "$oid": "64a313ff940289f59df22444"
  },
  "No": 399,
  "CONJUNTO": "PEDRO ESCOBEDO",
  "NUMERO": "1E",
  "TIPO": "LOTE",
  "SUB_TOTAL": 1985943.96,
  "IVA": 0,
  "TOTAL": 1985943.96,
  "INT_FINANCIAMIENTO": 1355745.72,
  "COBRADO": "#XL_EVAL_ERROR#",
  "DEUDA": "#XL_EVAL_ERROR#",
  "PROYECCION": 586756.170000001,
  "MOROSIDAD": "#XL_EVAL_ERROR#",
  "ESTATUS": "#XL_EVAL_ERROR#",
  "COMENTARIOS": "SE ATRASO JULIO 2020",
  "Columna1": "null"
},
{
  "_id": {
    "$oid": "64a313ff940289f59df22445"
  },
  "No": 400,
  "CONJUNTO": "PEDRO ESCOBEDO",
  "NUMERO": "2E",
  "TIPO": "LOTE",
  "SUB_TOTAL": 1234926,
  "IVA": 0,
  "TOTAL": 1234926,
  "INT_FINANCIAMIENTO": 843047.520000002,
  "COBRADO": "#XL_EVAL_ERROR#",
  "DEUDA": "#XL_EVAL_ERROR#",
  "PROYECCION": 364864.5,
  "MOROSIDAD": "#XL_EVAL_ERROR#",
  "ESTATUS": "#XL_EVAL_ERROR#",
  "COMENTARIOS": "SE ATRASO JULIO 2020",
  "Columna1": "null"
},
{
  "_id": {
    "$oid": "64a313ff940289f59df22446"
  },
  "No": 401,
  "CONJUNTO": "PEDRO ESCOBEDO",
  "NUMERO": "3E",
  "TIPO": "NAVE",
  "SUB_TOTAL": 3353014.03368794,
  "IVA": 429185.796312057,
  "TOTAL": 3782199.83,
  "INT_FINANCIAMIENTO": 2049626.28832,
  "COBRADO": "#XL_EVAL_ERROR#",
  "DEUDA": "#XL_EVAL_ERROR#",
  "PROYECCION": 1470638.91936,
  "MOROSIDAD": "#XL_EVAL_ERROR#",
  "ESTATUS": "#XL_EVAL_ERROR#",
  "COMENTARIOS": "SIN ATRASO",
  "Columna1": "null"
},
{
  "_id": {
    "$oid": "64a313ff940289f59df22447"
  },
  "No": 402,
  "CONJUNTO": "PEDRO ESCOBEDO",
  "NUMERO": "4E",
  "TIPO": "NAVE",
  "SUB_TOTAL": 4163197.5,
  "IVA": 532889.28,
  "TOTAL": 4696086.78,
  "INT_FINANCIAMIENTO": 539545.499999999,
  "COBRADO": "#XL_EVAL_ERROR#",
  "DEUDA": "#XL_EVAL_ERROR#",
  "PROYECCION": 1612323.14,
  "MOROSIDAD": "#XL_EVAL_ERROR#",
  "ESTATUS": "#XL_EVAL_ERROR#",
  "COMENTARIOS": "SIN ATRASO",
  "Columna1": "null"
},
{
  "_id": {
    "$oid": "64a313ff940289f59df22448"
  },
  "No": 403,
  "CONJUNTO": "PEDRO ESCOBEDO",
  "NUMERO": "5E",
  "TIPO": "NAVE",
  "SUB_TOTAL": 4787676.18,
  "IVA": 612822.55104,
  "TOTAL": 5400498.73104,
  "INT_FINANCIAMIENTO": 620491.708960003,
  "COBRADO": "#XL_EVAL_ERROR#",
  "DEUDA": "#XL_EVAL_ERROR#",
  "PROYECCION": 1854171.24,
  "MOROSIDAD": "#XL_EVAL_ERROR#",
  "ESTATUS": "#XL_EVAL_ERROR#",
  "COMENTARIOS": "SE ATRASO ABRIL 2022",
  "Columna1": "null"
},
{
  "_id": {
    "$oid": "64a313ff940289f59df22449"
  },
  "No": 404,
  "CONJUNTO": "PEDRO ESCOBEDO",
  "NUMERO": "6E",
  "TIPO": "NAVE",
  "SUB_TOTAL": 5106854.59,
  "IVA": 653677.38752,
  "TOTAL": 5760531.97752,
  "INT_FINANCIAMIENTO": 684480.222479998,
  "COBRADO": "#XL_EVAL_ERROR#",
  "DEUDA": "#XL_EVAL_ERROR#",
  "PROYECCION": 1065698.43,
  "MOROSIDAD": "#XL_EVAL_ERROR#",
  "ESTATUS": "#XL_EVAL_ERROR#",
  "COMENTARIOS": "SE ATRASO JULIO 2022",
  "Columna1": "null"
},
{
  "_id": {
    "$oid": "64a313ff940289f59df2244a"
  },
  "No": 405,
  "CONJUNTO": "PEDRO ESCOBEDO",
  "NUMERO": "7E",
  "TIPO": "NAVE",
  "SUB_TOTAL": 5106854.59,
  "IVA": 653677.38752,
  "TOTAL": 5760531.97752,
  "INT_FINANCIAMIENTO": 2863369.72248002,
  "COBRADO": "#XL_EVAL_ERROR#",
  "DEUDA": "#XL_EVAL_ERROR#",
  "PROYECCION": 189884.2,
  "MOROSIDAD": "#XL_EVAL_ERROR#",
  "ESTATUS": "#XL_EVAL_ERROR#",
  "COMENTARIOS": "SE ATRASO NOV 2022",
  "Columna1": "null"
},
{
  "_id": {
    "$oid": "64a313ff940289f59df2244b"
  },
  "No": 406,
  "CONJUNTO": "PEDRO ESCOBEDO",
  "NUMERO": "8E",
  "TIPO": "NAVE",
  "SUB_TOTAL": 4715049.45,
  "IVA": 603526.3296,
  "TOTAL": 5318575.7796,
  "INT_FINANCIAMIENTO": 2823983.47039998,
  "COBRADO": "#XL_EVAL_ERROR#",
  "DEUDA": "#XL_EVAL_ERROR#",
  "PROYECCION": 1428136.1,
  "MOROSIDAD": "#XL_EVAL_ERROR#",
  "ESTATUS": "#XL_EVAL_ERROR#",
  "COMENTARIOS": "SIN ATRASO",
  "Columna1": "null"
},
{
  "_id": {
    "$oid": "64a313ff940289f59df2244c"
  },
  "No": 407,
  "CONJUNTO": "PEDRO ESCOBEDO",
  "NUMERO": "9E",
  "TIPO": "NAVE",
  "SUB_TOTAL": 4715049.45,
  "IVA": 603526.3296,
  "TOTAL": 5318575.7796,
  "INT_FINANCIAMIENTO": 2823983.47039998,
  "COBRADO": "#XL_EVAL_ERROR#",
  "DEUDA": "#XL_EVAL_ERROR#",
  "PROYECCION": 1428136.1,
  "MOROSIDAD": "#XL_EVAL_ERROR#",
  "ESTATUS": "#XL_EVAL_ERROR#",
  "COMENTARIOS": "SIN ATRASO",
  "Columna1": "null"
},
{
  "_id": {
    "$oid": "64a313ff940289f59df2244d"
  },
  "No": 408,
  "CONJUNTO": "PEDRO ESCOBEDO",
  "NUMERO": "10E",
  "TIPO": "LOTE",
  "SUB_TOTAL": 1228247.78,
  "IVA": 0,
  "TOTAL": 1228247.78,
  "INT_FINANCIAMIENTO": 615772.729999996,
  "COBRADO": "#XL_EVAL_ERROR#",
  "DEUDA": "#XL_EVAL_ERROR#",
  "PROYECCION": 506973.38,
  "MOROSIDAD": "#XL_EVAL_ERROR#",
  "ESTATUS": "#XL_EVAL_ERROR#",
  "COMENTARIOS": "SIN ATRASO",
  "Columna1": "null"
},
{
  "_id": {
    "$oid": "64a313ff940289f59df2244e"
  },
  "No": 409,
  "CONJUNTO": "PEDRO ESCOBEDO",
  "NUMERO": "1F",
  "TIPO": "LOTE",
  "SUB_TOTAL": 1744573.59,
  "IVA": 0,
  "TOTAL": 1744573.59,
  "INT_FINANCIAMIENTO": 1122939.46,
  "COBRADO": "#XL_EVAL_ERROR#",
  "DEUDA": "#XL_EVAL_ERROR#",
  "PROYECCION": 503701.54,
  "MOROSIDAD": "#XL_EVAL_ERROR#",
  "ESTATUS": "#XL_EVAL_ERROR#",
  "COMENTARIOS": "SIN ATRASO",
  "Columna1": "null"
},
{
  "_id": {
    "$oid": "64a313ff940289f59df2244f"
  },
  "No": 410,
  "CONJUNTO": "PEDRO ESCOBEDO",
  "NUMERO": "2F",
  "TIPO": "LOTE",
  "SUB_TOTAL": 1317860.78,
  "IVA": 0,
  "TOTAL": 1317860.78,
  "INT_FINANCIAMIENTO": 899664.750000003,
  "COBRADO": "#XL_EVAL_ERROR#",
  "DEUDA": "#XL_EVAL_ERROR#",
  "PROYECCION": 399351.65,
  "MOROSIDAD": "#XL_EVAL_ERROR#",
  "ESTATUS": "#XL_EVAL_ERROR#",
  "COMENTARIOS": "SIN ATRASO",
  "Columna1": "null"
},
{
  "_id": {
    "$oid": "64a313ff940289f59df22450"
  },
  "No": 411,
  "CONJUNTO": "PEDRO ESCOBEDO",
  "NUMERO": "3F",
  "TIPO": "NAVE",
  "SUB_TOTAL": 4805088.75,
  "IVA": 615051.36,
  "TOTAL": 5420140.11,
  "INT_FINANCIAMIENTO": 2849131.94999999,
  "COBRADO": "#XL_EVAL_ERROR#",
  "DEUDA": "#XL_EVAL_ERROR#",
  "PROYECCION": 1811230.24,
  "MOROSIDAD": "#XL_EVAL_ERROR#",
  "ESTATUS": "#XL_EVAL_ERROR#",
  "COMENTARIOS": "SIN ATRASO",
  "Columna1": "null"
},
{
  "_id": {
    "$oid": "64a313ff940289f59df22451"
  },
  "No": 412,
  "CONJUNTO": "PEDRO ESCOBEDO",
  "NUMERO": "4F",
  "TIPO": "NAVE",
  "SUB_TOTAL": 4805088.75,
  "IVA": 615051.36,
  "TOTAL": 5420140.11,
  "INT_FINANCIAMIENTO": -0.119999997317791,
  "COBRADO": "#XL_EVAL_ERROR#",
  "DEUDA": "#XL_EVAL_ERROR#",
  "PROYECCION": 3508035.05,
  "MOROSIDAD": "#XL_EVAL_ERROR#",
  "ESTATUS": "#XL_EVAL_ERROR#",
  "COMENTARIOS": "SE ATRASO ENERO 2021",
  "Columna1": "null"
},
{
  "_id": {
    "$oid": "64a313ff940289f59df22452"
  },
  "No": 413,
  "CONJUNTO": "PEDRO ESCOBEDO",
  "NUMERO": "5F",
  "TIPO": "NAVE",
  "SUB_TOTAL": 5391192.93,
  "IVA": 690072.7,
  "TOTAL": 6081265.63,
  "INT_FINANCIAMIENTO": 3212720.16000003,
  "COBRADO": "#XL_EVAL_ERROR#",
  "DEUDA": "#XL_EVAL_ERROR#",
  "PROYECCION": 1008451.07,
  "MOROSIDAD": "#XL_EVAL_ERROR#",
  "ESTATUS": "#XL_EVAL_ERROR#",
  "COMENTARIOS": "SE ATRASO NOV 2021 ",
  "Columna1": "null"
},
{
  "_id": {
    "$oid": "64a313ff940289f59df22453"
  },
  "No": 414,
  "CONJUNTO": "PEDRO ESCOBEDO",
  "NUMERO": "6F",
  "TIPO": "NAVE",
  "SUB_TOTAL": 5894244.61,
  "IVA": 754463.31008,
  "TOTAL": 6648707.92008,
  "INT_FINANCIAMIENTO": 1151561.20992001,
  "COBRADO": "#XL_EVAL_ERROR#",
  "DEUDA": "#XL_EVAL_ERROR#",
  "PROYECCION": 1850557.05,
  "MOROSIDAD": "#XL_EVAL_ERROR#",
  "ESTATUS": "#XL_EVAL_ERROR#",
  "COMENTARIOS": "SE ATRASO DIC 2021",
  "Columna1": "null"
},
{
  "_id": {
    "$oid": "64a313ff940289f59df22454"
  },
  "No": 415,
  "CONJUNTO": "PEDRO ESCOBEDO",
  "NUMERO": "7F",
  "TIPO": "NAVE",
  "SUB_TOTAL": 5894244.61,
  "IVA": 754463.31008,
  "TOTAL": 6648707.92008,
  "INT_FINANCIAMIENTO": 3304852.51992001,
  "COBRADO": "#XL_EVAL_ERROR#",
  "DEUDA": "#XL_EVAL_ERROR#",
  "PROYECCION": 219161.12,
  "MOROSIDAD": "#XL_EVAL_ERROR#",
  "ESTATUS": "#XL_EVAL_ERROR#",
  "COMENTARIOS": "SE ATRASO NOV 2022",
  "Columna1": "null"
},
{
  "_id": {
    "$oid": "64a313ff940289f59df22455"
  },
  "No": 416,
  "CONJUNTO": "PEDRO ESCOBEDO",
  "NUMERO": "8F",
  "TIPO": "NAVE",
  "SUB_TOTAL": 5445845.78,
  "IVA": 697068.25984,
  "TOTAL": 6142914.03984,
  "INT_FINANCIAMIENTO": 3261678.67016001,
  "COBRADO": "#XL_EVAL_ERROR#",
  "DEUDA": "#XL_EVAL_ERROR#",
  "PROYECCION": 1649486.16,
  "MOROSIDAD": "#XL_EVAL_ERROR#",
  "ESTATUS": "#XL_EVAL_ERROR#",
  "COMENTARIOS": "SIN ATRASO",
  "Columna1": "null"
},
{
  "_id": {
    "$oid": "64a313ff940289f59df22456"
  },
  "No": 417,
  "CONJUNTO": "PEDRO ESCOBEDO",
  "NUMERO": "9F",
  "TIPO": "NAVE",
  "SUB_TOTAL": 5445845.78,
  "IVA": 697068.25984,
  "TOTAL": 6142914.03984,
  "INT_FINANCIAMIENTO": 3261678.67016001,
  "COBRADO": "#XL_EVAL_ERROR#",
  "DEUDA": "#XL_EVAL_ERROR#",
  "PROYECCION": 1649486.16,
  "MOROSIDAD": "#XL_EVAL_ERROR#",
  "ESTATUS": "#XL_EVAL_ERROR#",
  "COMENTARIOS": "SIN ATRASO",
  "Columna1": "null"
},
{
  "_id": {
    "$oid": "64a313ff940289f59df22457"
  },
  "No": 418,
  "CONJUNTO": "PEDRO ESCOBEDO",
  "NUMERO": "10F",
  "TIPO": "LOTE",
  "SUB_TOTAL": 1112414.91,
  "IVA": 0,
  "TOTAL": 1112414.91,
  "INT_FINANCIAMIENTO": 497718.389999995,
  "COBRADO": "#XL_EVAL_ERROR#",
  "DEUDA": "#XL_EVAL_ERROR#",
  "PROYECCION": 511434.67,
  "MOROSIDAD": "#XL_EVAL_ERROR#",
  "ESTATUS": "#XL_EVAL_ERROR#",
  "COMENTARIOS": "SIN ATRASO",
  "Columna1": "null"
},
{
  "_id": {
    "$oid": "64a313ff940289f59df22458"
  },
  "No": 420,
  "CONJUNTO": "PEDRO ESCOBEDO",
  "NUMERO": "2G",
  "TIPO": "NAVE",
  "SUB_TOTAL": 4379550,
  "IVA": 560582.4,
  "TOTAL": 4940132.4,
  "INT_FINANCIAMIENTO": 2677126.2,
  "COBRADO": "#XL_EVAL_ERROR#",
  "DEUDA": "#XL_EVAL_ERROR#",
  "PROYECCION": 2088097.2,
  "MOROSIDAD": "#XL_EVAL_ERROR#",
  "ESTATUS": "#XL_EVAL_ERROR#",
  "COMENTARIOS": "SE ATRASO ENERO 2021",
  "Columna1": "null"
},
{
  "_id": {
    "$oid": "64a313ff940289f59df22459"
  },
  "No": 421,
  "CONJUNTO": "PEDRO ESCOBEDO",
  "NUMERO": "3G",
  "TIPO": "NAVE",
  "SUB_TOTAL": 4515000,
  "IVA": 577920,
  "TOTAL": 5092920,
  "INT_FINANCIAMIENTO": 2677126.2,
  "COBRADO": "#XL_EVAL_ERROR#",
  "DEUDA": "#XL_EVAL_ERROR#",
  "PROYECCION": 2240884.8,
  "MOROSIDAD": "#XL_EVAL_ERROR#",
  "ESTATUS": "#XL_EVAL_ERROR#",
  "COMENTARIOS": "SE ATRASO ENERO 2021",
  "Columna1": "null"
},
{
  "_id": {
    "$oid": "64a313ff940289f59df2245a"
  },
  "No": 422,
  "CONJUNTO": "PEDRO ESCOBEDO",
  "NUMERO": "4G",
  "TIPO": "NAVE",
  "SUB_TOTAL": 4515000,
  "IVA": 577920,
  "TOTAL": 5092920,
  "INT_FINANCIAMIENTO": 2677126.2,
  "COBRADO": "#XL_EVAL_ERROR#",
  "DEUDA": "#XL_EVAL_ERROR#",
  "PROYECCION": 2240884.8,
  "MOROSIDAD": "#XL_EVAL_ERROR#",
  "ESTATUS": "#XL_EVAL_ERROR#",
  "COMENTARIOS": "SE ATRASO DIC 2020",
  "Columna1": "null"
},
{
  "_id": {
    "$oid": "64a313ff940289f59df2245b"
  },
  "No": 423,
  "CONJUNTO": "PEDRO ESCOBEDO",
  "NUMERO": "5G",
  "TIPO": "LOTE",
  "SUB_TOTAL": 2806650,
  "IVA": 0,
  "TOTAL": 2806650,
  "INT_FINANCIAMIENTO": 1564828.31999999,
  "COBRADO": "#XL_EVAL_ERROR#",
  "DEUDA": "#XL_EVAL_ERROR#",
  "PROYECCION": 208054.2,
  "MOROSIDAD": "#XL_EVAL_ERROR#",
  "ESTATUS": "#XL_EVAL_ERROR#",
  "COMENTARIOS": "SIN ATRASO",
  "Columna1": "null"
},
{
  "_id": {
    "$oid": "64a313ff940289f59df2245c"
  },
  "No": 424,
  "CONJUNTO": "PEDRO ESCOBEDO",
  "NUMERO": "6G",
  "TIPO": "LOTE",
  "SUB_TOTAL": 2650725,
  "IVA": 0,
  "TOTAL": 2650725,
  "INT_FINANCIAMIENTO": 467220.799999997,
  "COBRADO": "#XL_EVAL_ERROR#",
  "DEUDA": "#XL_EVAL_ERROR#",
  "PROYECCION": 481950,
  "MOROSIDAD": "#XL_EVAL_ERROR#",
  "ESTATUS": "#XL_EVAL_ERROR#",
  "COMENTARIOS": "SIN ATRASO",
  "Columna1": "null"
},
{
  "_id": {
    "$oid": "64a313ff940289f59df2245d"
  },
  "No": 425,
  "CONJUNTO": "PEDRO ESCOBEDO",
  "NUMERO": "7G",
  "TIPO": "LOTE",
  "SUB_TOTAL": 2520000,
  "IVA": 0,
  "TOTAL": 2520000,
  "INT_FINANCIAMIENTO": 436465.799999997,
  "COBRADO": "#XL_EVAL_ERROR#",
  "DEUDA": "#XL_EVAL_ERROR#",
  "PROYECCION": 252000,
  "MOROSIDAD": "#XL_EVAL_ERROR#",
  "ESTATUS": "#XL_EVAL_ERROR#",
  "COMENTARIOS": "SIN ATRASO",
  "Columna1": "null"
},
{
  "_id": {
    "$oid": "64a313ff940289f59df2245e"
  },
  "No": 427,
  "CONJUNTO": "PEDRO ESCOBEDO",
  "NUMERO": "9G",
  "TIPO": "LOTE",
  "SUB_TOTAL": 1823023.13,
  "IVA": 0,
  "TOTAL": 1823023.13,
  "INT_FINANCIAMIENTO": 1244524.148,
  "COBRADO": "#XL_EVAL_ERROR#",
  "DEUDA": "#XL_EVAL_ERROR#",
  "PROYECCION": 538620.217,
  "MOROSIDAD": "#XL_EVAL_ERROR#",
  "ESTATUS": "#XL_EVAL_ERROR#",
  "COMENTARIOS": "SIN ATRASO",
  "Columna1": "null"
},
{
  "_id": {
    "$oid": "64a313ff940289f59df2245f"
  },
  "No": 428,
  "CONJUNTO": "PEDRO ESCOBEDO",
  "NUMERO": "10G",
  "TIPO": "LOTE",
  "SUB_TOTAL": 1823023.13,
  "IVA": 0,
  "TOTAL": 1823023.13,
  "INT_FINANCIAMIENTO": 1244524.362,
  "COBRADO": "#XL_EVAL_ERROR#",
  "DEUDA": "#XL_EVAL_ERROR#",
  "PROYECCION": 524809.66,
  "MOROSIDAD": "#XL_EVAL_ERROR#",
  "ESTATUS": "#XL_EVAL_ERROR#",
  "COMENTARIOS": "SE ATRASO OCT 2020",
  "Columna1": "null"
},
{
  "_id": {
    "$oid": "64a313ff940289f59df22460"
  },
  "No": 429,
  "CONJUNTO": "PEDRO ESCOBEDO",
  "NUMERO": "11G",
  "TIPO": "LOTE",
  "SUB_TOTAL": 2004488.64,
  "IVA": 0,
  "TOTAL": 2004488.64,
  "INT_FINANCIAMIENTO": 1368405.61200001,
  "COBRADO": "#XL_EVAL_ERROR#",
  "DEUDA": "#XL_EVAL_ERROR#",
  "PROYECCION": 577049.76,
  "MOROSIDAD": "#XL_EVAL_ERROR#",
  "ESTATUS": "#XL_EVAL_ERROR#",
  "COMENTARIOS": "SE ATRASO OCT 2020",
  "Columna1": "null"
},
{
  "_id": {
    "$oid": "64a313ff940289f59df22461"
  },
  "No": 433,
  "CONJUNTO": "SAN LUIS POTOSI",
  "NUMERO": "4A",
  "TIPO": "NAVE",
  "SUB_TOTAL": 0,
  "IVA": 0,
  "TOTAL": 0,
  "INT_FINANCIAMIENTO": 0,
  "COBRADO": "#XL_EVAL_ERROR#",
  "DEUDA": "#XL_EVAL_ERROR#",
  "PROYECCION": 0,
  "MOROSIDAD": "#XL_EVAL_ERROR#",
  "ESTATUS": "#XL_EVAL_ERROR#",
  "COMENTARIOS": "SIN ATRASO",
  "Columna1": "null"
},
{
  "_id": {
    "$oid": "64a313ff940289f59df22462"
  },
  "No": 468,
  "CONJUNTO": "SAN LUIS POTOSI",
  "NUMERO": "15B",
  "TIPO": "NAVE",
  "SUB_TOTAL": 0,
  "IVA": 0,
  "TOTAL": 0,
  "INT_FINANCIAMIENTO": 0,
  "COBRADO": "#XL_EVAL_ERROR#",
  "DEUDA": "#XL_EVAL_ERROR#",
  "PROYECCION": 0,
  "MOROSIDAD": "#XL_EVAL_ERROR#",
  "ESTATUS": "#XL_EVAL_ERROR#",
  "COMENTARIOS": "SE ATRASO FEB 2022",
  "Columna1": "null"
},
{
  "_id": {
    "$oid": "64a313ff940289f59df22463"
  },
  "No": 483,
  "CONJUNTO": "SAN LUIS POTOSI",
  "NUMERO": "2D",
  "TIPO": "NAVE",
  "SUB_TOTAL": 4350499.31,
  "IVA": 556863.91168,
  "TOTAL": 4907363.22168,
  "INT_FINANCIAMIENTO": 339589.818320001,
  "COBRADO": "#XL_EVAL_ERROR#",
  "DEUDA": "#XL_EVAL_ERROR#",
  "PROYECCION": 2171169.72,
  "MOROSIDAD": "#XL_EVAL_ERROR#",
  "ESTATUS": "#XL_EVAL_ERROR#",
  "COMENTARIOS": "SIN ATRASO",
  "Columna1": "null"
},
{
  "_id": {
    "$oid": "64a313ff940289f59df22464"
  },
  "No": 494,
  "CONJUNTO": "SAN LUIS POTOSI",
  "NUMERO": "2E",
  "TIPO": "NAVE",
  "SUB_TOTAL": 0,
  "IVA": 0,
  "TOTAL": 0,
  "INT_FINANCIAMIENTO": 0,
  "COBRADO": "#XL_EVAL_ERROR#",
  "DEUDA": "#XL_EVAL_ERROR#",
  "PROYECCION": 0,
  "MOROSIDAD": "#XL_EVAL_ERROR#",
  "ESTATUS": "#XL_EVAL_ERROR#",
  "COMENTARIOS": "SE ATRASO ENERO 2021",
  "Columna1": "null"
},
{
  "_id": {
    "$oid": "64a313ff940289f59df22465"
  },
  "No": 502,
  "CONJUNTO": "SAN LUIS POTOSI",
  "NUMERO": "1F",
  "TIPO": "NAVE",
  "SUB_TOTAL": 8253815.46,
  "IVA": 1056488.38,
  "TOTAL": 9310303.84,
  "INT_FINANCIAMIENTO": -9310303.84,
  "COBRADO": "#XL_EVAL_ERROR#",
  "DEUDA": "#XL_EVAL_ERROR#",
  "PROYECCION": 0,
  "MOROSIDAD": "#XL_EVAL_ERROR#",
  "ESTATUS": "#XL_EVAL_ERROR#",
  "COMENTARIOS": "SIN ATRASO",
  "Columna1": "null"
},
{
  "_id": {
    "$oid": "64a313ff940289f59df22466"
  },
  "No": 533,
  "CONJUNTO": "SAN LUIS POTOSI",
  "NUMERO": "10H",
  "TIPO": "NAVE",
  "SUB_TOTAL": 2821862,
  "IVA": 361198.336,
  "TOTAL": 3183060.336,
  "INT_FINANCIAMIENTO": 60032.7540000044,
  "COBRADO": "#XL_EVAL_ERROR#",
  "DEUDA": "#XL_EVAL_ERROR#",
  "PROYECCION": 1119376.16,
  "MOROSIDAD": "#XL_EVAL_ERROR#",
  "ESTATUS": "#XL_EVAL_ERROR#",
  "COMENTARIOS": "SIN ATRASO",
  "Columna1": "null"
},
{
  "_id": {
    "$oid": "64a313ff940289f59df22467"
  },
  "No": 538,
  "CONJUNTO": "SAN LUIS POTOSI",
  "NUMERO": "5I",
  "TIPO": "NAVE",
  "SUB_TOTAL": 0,
  "IVA": 0,
  "TOTAL": 0,
  "INT_FINANCIAMIENTO": 0,
  "COBRADO": "#XL_EVAL_ERROR#",
  "DEUDA": "#XL_EVAL_ERROR#",
  "PROYECCION": 0,
  "MOROSIDAD": "#XL_EVAL_ERROR#",
  "ESTATUS": "#XL_EVAL_ERROR#",
  "COMENTARIOS": "SE ATRASP SEP 2022",
  "Columna1": "null"
},
{
  "_id": {
    "$oid": "64a313ff940289f59df22468"
  },
  "No": 0,
  "CONJUNTO": "null",
  "NUMERO": "null",
  "TIPO": "null",
  "SUB_TOTAL": 338323737.683213,
  "IVA": 29018364.4438036,
  "TOTAL": 367342102.128776,
  "INT_FINANCIAMIENTO": 150127457.439544,
  "COBRADO": "#XL_EVAL_ERROR#",
  "DEUDA": "#XL_EVAL_ERROR#",
  "PROYECCION": 97989792.77236,
  "MOROSIDAD": "#XL_EVAL_ERROR#",
  "ESTATUS": "null",
  "COMENTARIOS": "null",
  "Columna1": "null"
},
{
  "_id": {
    "$oid": "64a31c4342ef6df6dc079a88"
  },
  "NO": "1",
  "CONJUNTO": "AEREOPUERTO",
  "NUMERO": "1A",
  "TIPO": "NAVE",
  "SUB_TOTAL": "125462",
  "IVA": "123",
  "TOTAL": "135985",
  "INT_FINANCIAMIENTO": "32154",
  "COBRADO": "321548",
  "DEUDA": "1321546",
  "PROYECCION": "132456",
  "MOROSIDAD": "0",
  "ESTATUS": "AL CORRIENTE",
  "COMENTARIOS": "SE ATRASO EN ENERO 2023",
  "Columna1": "NULL"
},
{
  "_id": {
    "$oid": "64a31cae42ef6df6dc079a89"
  },
  "No": "1",
  "CONJUNTO": "AEREOPUERTO",
  "NUMERO": "1A",
  "TIPO": "NAVE",
  "SUB_TOTAL": "125462",
  "IVA": "123",
  "TOTAL": "135985",
  "INT_FINANCIAMIENTO": "32154",
  "COBRADO": "321548",
  "DEUDA": "1321546",
  "PROYECCION": "132456",
  "MOROSIDAD": "0",
  "ESTATUS": "AL CORRIENTE",
  "COMENTARIOS": "SE ATRASO EN ENERO 2023",
  "Columna1": "NULL"
},
{
  "_id": {
    "$oid": "64a31ee342ef6df6dc079a8a"
  },
  "No": "1",
  "CONJUNTO": "AEREOPUERTO",
  "NUMERO": "1A",
  "TIPO": "NAVE",
  "SUB_TOTAL": "125462",
  "IVA": "123",
  "TOTAL": "135985",
  "INT_FINANCIAMIENTO": "32154",
  "COBRADO": "321548",
  "DEUDA": "1321546",
  "PROYECCION": "132456",
  "MOROSIDAD": "0",
  "ESTATUS": "AL CORRIENTE",
  "COMENTARIOS": "SE ATRASO EN ENERO 2023",
  "Columna1": "NULL"
}]