[{
  "_id": {
    "$oid": "6414c2141fef942482b9e2e6"
  },
  "LLAVE": "GAMMA1A",
  "No": 49,
  "CONJUNTO": "GAMMA",
  "NUMERO": "1A",
  "TIPO": "NAVE",
  "SUB TOTAL": 4242000,
  "IVA": 542976,
  "TOTAL": 4784976,
  "INT FINANCIAMIENTO": 0,
  "COBRADO": 4784975.83,
  "DEUDA": 0.170000000856817,
  "PROYECCION": 4784976,
  "ESTATUS": "AL CORRIENTE",
  "MOROSIDAD": 0,
  "Columna1": "null",
  "ESTATUS DEPARTAMENTAL": "null",
  "Column17": "null",
  "COMENTARIOS": "null"
},
{
  "_id": {
    "$oid": "6414c2141fef942482b9e2e7"
  },
  "LLAVE": "GAMMA2A",
  "No": 50,
  "CONJUNTO": "GAMMA",
  "NUMERO": "2A",
  "TIPO": "NAVE",
  "SUB TOTAL": 4242000,
  "IVA": 542976,
  "TOTAL": 4784976,
  "INT FINANCIAMIENTO": 0,
  "COBRADO": 4784975.83,
  "DEUDA": 0.170000000856817,
  "PROYECCION": 4784976,
  "ESTATUS": "AL CORRIENTE",
  "MOROSIDAD": 0,
  "Columna1": "null",
  "ESTATUS DEPARTAMENTAL": "null",
  "Column17": "null",
  "COMENTARIOS": "null"
},
{
  "_id": {
    "$oid": "6414c2141fef942482b9e2e8"
  },
  "LLAVE": "GAMMA3A",
  "No": 51,
  "CONJUNTO": "GAMMA",
  "NUMERO": "3A",
  "TIPO": "NAVE",
  "SUB TOTAL": 4095990,
  "IVA": 524286.72,
  "TOTAL": 4620276.72,
  "INT FINANCIAMIENTO": 0,
  "COBRADO": 4620276.72,
  "DEUDA": 0,
  "PROYECCION": 4620275.84,
  "ESTATUS": "AL CORRIENTE",
  "MOROSIDAD": 0,
  "Columna1": "ENERO-MAYO 19",
  "ESTATUS DEPARTAMENTAL": "null",
  "Column17": "null",
  "COMENTARIOS": "null"
},
{
  "_id": {
    "$oid": "6414c2141fef942482b9e2e9"
  },
  "LLAVE": "GAMMA4A",
  "No": 52,
  "CONJUNTO": "GAMMA",
  "NUMERO": "4A",
  "TIPO": "NAVE",
  "SUB TOTAL": 3724000,
  "IVA": 476672,
  "TOTAL": 4200672,
  "INT FINANCIAMIENTO": 0,
  "COBRADO": 4200671,
  "DEUDA": 1,
  "PROYECCION": 4200669,
  "ESTATUS": "AL CORRIENTE",
  "MOROSIDAD": 0,
  "Columna1": "null",
  "ESTATUS DEPARTAMENTAL": "null",
  "Column17": "null",
  "COMENTARIOS": "null"
},
{
  "_id": {
    "$oid": "6414c2141fef942482b9e2ea"
  },
  "LLAVE": "GAMMA5A",
  "No": 53,
  "CONJUNTO": "GAMMA",
  "NUMERO": "5A",
  "TIPO": "NAVE",
  "SUB TOTAL": 3724000,
  "IVA": 476672,
  "TOTAL": 4200672,
  "INT FINANCIAMIENTO": 0,
  "COBRADO": 4200672,
  "DEUDA": 0,
  "PROYECCION": 4200670,
  "ESTATUS": "AL CORRIENTE",
  "MOROSIDAD": 2,
  "Columna1": "null",
  "ESTATUS DEPARTAMENTAL": "null",
  "Column17": "null",
  "COMENTARIOS": "null"
},
{
  "_id": {
    "$oid": "6414c2141fef942482b9e2eb"
  },
  "LLAVE": "GAMMA6A",
  "No": 54,
  "CONJUNTO": "GAMMA",
  "NUMERO": "6A",
  "TIPO": "NAVE",
  "SUB TOTAL": 3724000,
  "IVA": 476672,
  "TOTAL": 4200672,
  "INT FINANCIAMIENTO": 0,
  "COBRADO": 4200672,
  "DEUDA": 0,
  "PROYECCION": 4200669,
  "ESTATUS": "AL CORRIENTE",
  "MOROSIDAD": 3,
  "Columna1": "null",
  "ESTATUS DEPARTAMENTAL": "null",
  "Column17": "null",
  "COMENTARIOS": "null"
},
{
  "_id": {
    "$oid": "6414c2141fef942482b9e2ec"
  },
  "LLAVE": "GAMMA7A",
  "No": 55,
  "CONJUNTO": "GAMMA",
  "NUMERO": "7A",
  "TIPO": "NAVE",
  "SUB TOTAL": 3724000,
  "IVA": 476672,
  "TOTAL": 4200672,
  "INT FINANCIAMIENTO": 0,
  "COBRADO": 4200672,
  "DEUDA": 0,
  "PROYECCION": 4200669,
  "ESTATUS": "AL CORRIENTE",
  "MOROSIDAD": 3,
  "Columna1": "null",
  "ESTATUS DEPARTAMENTAL": "null",
  "Column17": "null",
  "COMENTARIOS": "null"
},
{
  "_id": {
    "$oid": "6414c2141fef942482b9e2ed"
  },
  "LLAVE": "GAMMA8A",
  "No": 56,
  "CONJUNTO": "GAMMA",
  "NUMERO": "8A",
  "TIPO": "NAVE",
  "SUB TOTAL": 3724000,
  "IVA": 476672,
  "TOTAL": 4200672,
  "INT FINANCIAMIENTO": 0,
  "COBRADO": 4200672,
  "DEUDA": 0,
  "PROYECCION": 4200670,
  "ESTATUS": "AL CORRIENTE",
  "MOROSIDAD": 2,
  "Columna1": "null",
  "ESTATUS DEPARTAMENTAL": "null",
  "Column17": "null",
  "COMENTARIOS": "*"
},
{
  "_id": {
    "$oid": "6414c2141fef942482b9e2ee"
  },
  "LLAVE": "GAMMA9A",
  "No": 57,
  "CONJUNTO": "GAMMA",
  "NUMERO": "9A",
  "TIPO": "NAVE",
  "SUB TOTAL": 3724000,
  "IVA": 476672,
  "TOTAL": 4200672,
  "INT FINANCIAMIENTO": 0,
  "COBRADO": 4200672.02,
  "DEUDA": -0.0199999995529652,
  "PROYECCION": 4200672.02,
  "ESTATUS": "AL CORRIENTE",
  "MOROSIDAD": 0,
  "Columna1": "null",
  "ESTATUS DEPARTAMENTAL": "null",
  "Column17": "null",
  "COMENTARIOS": "null"
},
{
  "_id": {
    "$oid": "6414c2141fef942482b9e2ef"
  },
  "LLAVE": "GAMMA10A",
  "No": 58,
  "CONJUNTO": "GAMMA",
  "NUMERO": "10A",
  "TIPO": "NAVE",
  "SUB TOTAL": 3773250,
  "IVA": 482976,
  "TOTAL": 4256226,
  "INT FINANCIAMIENTO": 0,
  "COBRADO": 5685499.91,
  "DEUDA": 0,
  "PROYECCION": 2976339.66,
  "ESTATUS": "AL CORRIENTE",
  "MOROSIDAD": 2709160.25,
  "Columna1": "null",
  "ESTATUS DEPARTAMENTAL": "null",
  "Column17": "null",
  "COMENTARIOS": "null"
},
{
  "_id": {
    "$oid": "6414c2141fef942482b9e2f0"
  },
  "LLAVE": "GAMMA11A",
  "No": 59,
  "CONJUNTO": "GAMMA",
  "NUMERO": "11A",
  "TIPO": "NAVE",
  "SUB TOTAL": 3773250,
  "IVA": 482976,
  "TOTAL": 4256226,
  "INT FINANCIAMIENTO": 0,
  "COBRADO": 5685499.91,
  "DEUDA": 0,
  "PROYECCION": 2976339.66,
  "ESTATUS": "AL CORRIENTE",
  "MOROSIDAD": 2709160.25,
  "Columna1": "null",
  "ESTATUS DEPARTAMENTAL": "null",
  "Column17": "null",
  "COMENTARIOS": "null"
},
{
  "_id": {
    "$oid": "6414c2141fef942482b9e2f1"
  },
  "LLAVE": "GAMMA12A",
  "No": 60,
  "CONJUNTO": "GAMMA",
  "NUMERO": "12A",
  "TIPO": "NAVE",
  "SUB TOTAL": 3720000,
  "IVA": 476160,
  "TOTAL": 4196160,
  "INT FINANCIAMIENTO": 0,
  "COBRADO": 4196160.09,
  "DEUDA": -0.0899999998509884,
  "PROYECCION": 4196160,
  "ESTATUS": "AL CORRIENTE",
  "MOROSIDAD": 0.0899999998509884,
  "Columna1": "null",
  "ESTATUS DEPARTAMENTAL": "null",
  "Column17": "null",
  "COMENTARIOS": "null"
},
{
  "_id": {
    "$oid": "6414c2141fef942482b9e2f2"
  },
  "LLAVE": "GAMMA13A",
  "No": 61,
  "CONJUNTO": "GAMMA",
  "NUMERO": "13A",
  "TIPO": "NAVE",
  "SUB TOTAL": 4095990,
  "IVA": 524286.72,
  "TOTAL": 4620276.72,
  "INT FINANCIAMIENTO": 0,
  "COBRADO": 4620276.19,
  "DEUDA": 0.529999999329448,
  "PROYECCION": 3869478,
  "ESTATUS": "AL CORRIENTE",
  "MOROSIDAD": 750798.190000001,
  "Columna1": "null",
  "ESTATUS DEPARTAMENTAL": "null",
  "Column17": "null",
  "COMENTARIOS": "null"
},
{
  "_id": {
    "$oid": "6414c2141fef942482b9e2f3"
  },
  "LLAVE": "GAMMA14A",
  "No": 62,
  "CONJUNTO": "GAMMA",
  "NUMERO": "14A",
  "TIPO": "NAVE",
  "SUB TOTAL": 4220000,
  "IVA": 540160,
  "TOTAL": 4760160,
  "INT FINANCIAMIENTO": 0,
  "COBRADO": 4760160,
  "DEUDA": 0,
  "PROYECCION": 4482484,
  "ESTATUS": "AL CORRIENTE",
  "MOROSIDAD": 277676,
  "Columna1": "null",
  "ESTATUS DEPARTAMENTAL": "null",
  "Column17": "null",
  "COMENTARIOS": "null"
},
{
  "_id": {
    "$oid": "6414c2141fef942482b9e2f4"
  },
  "LLAVE": "GAMMA15A",
  "No": 63,
  "CONJUNTO": "GAMMA",
  "NUMERO": "15A",
  "TIPO": "NAVE",
  "SUB TOTAL": 4862000,
  "IVA": 622336,
  "TOTAL": 5484336,
  "INT FINANCIAMIENTO": 0,
  "COBRADO": 5484336,
  "DEUDA": 0,
  "PROYECCION": 5484336,
  "ESTATUS": "AL CORRIENTE",
  "MOROSIDAD": 0,
  "Columna1": "null",
  "ESTATUS DEPARTAMENTAL": "null",
  "Column17": "null",
  "COMENTARIOS": "null"
},
{
  "_id": {
    "$oid": "6414c2141fef942482b9e2f5"
  },
  "LLAVE": "GAMMA16A",
  "No": 64,
  "CONJUNTO": "GAMMA",
  "NUMERO": "16A",
  "TIPO": "NAVE",
  "SUB TOTAL": 4811790.06,
  "IVA": 615909.12768,
  "TOTAL": 5427699.18768,
  "INT FINANCIAMIENTO": 0,
  "COBRADO": 5427699.18,
  "DEUDA": 0.00767999980598688,
  "PROYECCION": 5427699.12,
  "ESTATUS": "AL CORRIENTE",
  "MOROSIDAD": 0.0599999995902181,
  "Columna1": "null",
  "ESTATUS DEPARTAMENTAL": "null",
  "Column17": "null",
  "COMENTARIOS": "null"
},
{
  "_id": {
    "$oid": "6414c2141fef942482b9e2f6"
  },
  "LLAVE": "GAMMA1B",
  "No": 65,
  "CONJUNTO": "GAMMA",
  "NUMERO": "1B",
  "TIPO": "NAVE",
  "SUB TOTAL": 5140792.34,
  "IVA": 658021.41952,
  "TOTAL": 5798813.75952,
  "INT FINANCIAMIENTO": 0,
  "COBRADO": 5798813.76,
  "DEUDA": -0.000479999929666519,
  "PROYECCION": 5798813.76,
  "ESTATUS": "AL CORRIENTE",
  "MOROSIDAD": 0,
  "Columna1": "null",
  "ESTATUS DEPARTAMENTAL": "null",
  "Column17": "null",
  "COMENTARIOS": "null"
},
{
  "_id": {
    "$oid": "6414c2141fef942482b9e2f7"
  },
  "LLAVE": "GAMMA2B",
  "No": 66,
  "CONJUNTO": "GAMMA",
  "NUMERO": "2B",
  "TIPO": "NAVE",
  "SUB TOTAL": 0,
  "IVA": 0,
  "TOTAL": 0,
  "INT FINANCIAMIENTO": 0,
  "COBRADO": 0,
  "DEUDA": 0,
  "PROYECCION": 0,
  "ESTATUS": "AL CORRIENTE",
  "MOROSIDAD": 0,
  "Columna1": "null",
  "ESTATUS DEPARTAMENTAL": "null",
  "Column17": "null",
  "COMENTARIOS": "null"
},
{
  "_id": {
    "$oid": "6414c2141fef942482b9e2f8"
  },
  "LLAVE": "GAMMA3B",
  "No": 67,
  "CONJUNTO": "GAMMA",
  "NUMERO": "3B",
  "TIPO": "NAVE",
  "SUB TOTAL": 0,
  "IVA": 0,
  "TOTAL": 0,
  "INT FINANCIAMIENTO": 0,
  "COBRADO": 0,
  "DEUDA": 0,
  "PROYECCION": 0,
  "ESTATUS": "AL CORRIENTE",
  "MOROSIDAD": 0,
  "Columna1": "null",
  "ESTATUS DEPARTAMENTAL": "null",
  "Column17": "null",
  "COMENTARIOS": "null"
},
{
  "_id": {
    "$oid": "6414c2141fef942482b9e2f9"
  },
  "LLAVE": "GAMMA4B",
  "No": 68,
  "CONJUNTO": "GAMMA",
  "NUMERO": "4B",
  "TIPO": "NAVE",
  "SUB TOTAL": 3568413.75,
  "IVA": 456756.96,
  "TOTAL": 4025170.71,
  "INT FINANCIAMIENTO": 0,
  "COBRADO": 4025170.71,
  "DEUDA": 0,
  "PROYECCION": 4025170.71,
  "ESTATUS": "AL CORRIENTE",
  "MOROSIDAD": 0,
  "Columna1": "null",
  "ESTATUS DEPARTAMENTAL": "null",
  "Column17": "null",
  "COMENTARIOS": "null"
},
{
  "_id": {
    "$oid": "6414c2141fef942482b9e2fa"
  },
  "LLAVE": "GAMMA5B",
  "No": 69,
  "CONJUNTO": "GAMMA",
  "NUMERO": "5B",
  "TIPO": "NAVE",
  "SUB TOTAL": 3568413.75,
  "IVA": 456756.96,
  "TOTAL": 4025170.71,
  "INT FINANCIAMIENTO": 0,
  "COBRADO": 4025170.71,
  "DEUDA": 0,
  "PROYECCION": 4025170.71,
  "ESTATUS": "AL CORRIENTE",
  "MOROSIDAD": 0,
  "Columna1": "null",
  "ESTATUS DEPARTAMENTAL": "null",
  "Column17": "null",
  "COMENTARIOS": "null"
},
{
  "_id": {
    "$oid": "6414c2141fef942482b9e2fb"
  },
  "LLAVE": "GAMMA6B",
  "No": 70,
  "CONJUNTO": "GAMMA",
  "NUMERO": "6B",
  "TIPO": "NAVE",
  "SUB TOTAL": 3758000,
  "IVA": 481024,
  "TOTAL": 4239024,
  "INT FINANCIAMIENTO": 0,
  "COBRADO": 4239026.67,
  "DEUDA": -2.66999999992549,
  "PROYECCION": 4239024,
  "ESTATUS": "AL CORRIENTE",
  "MOROSIDAD": 2.67000000085682,
  "Columna1": "null",
  "ESTATUS DEPARTAMENTAL": "null",
  "Column17": "null",
  "COMENTARIOS": "null"
},
{
  "_id": {
    "$oid": "6414c2141fef942482b9e2fc"
  },
  "LLAVE": "GAMMA7B",
  "No": 71,
  "CONJUNTO": "GAMMA",
  "NUMERO": "7B",
  "TIPO": "NAVE",
  "SUB TOTAL": 4334220,
  "IVA": 554780.16,
  "TOTAL": 4889000.16,
  "INT FINANCIAMIENTO": 0,
  "COBRADO": 4889000.16,
  "DEUDA": 0,
  "PROYECCION": 5128561.17,
  "ESTATUS": "MOROSO",
  "MOROSIDAD": -239561.01,
  "Columna1": "PARTE DE MENSUAL. NOV 20",
  "ESTATUS DEPARTAMENTAL": "null",
  "Column17": "null",
  "COMENTARIOS": "null"
},
{
  "_id": {
    "$oid": "6414c2141fef942482b9e2fd"
  },
  "LLAVE": "GAMMA8B",
  "No": 72,
  "CONJUNTO": "GAMMA",
  "NUMERO": "8B",
  "TIPO": "NAVE",
  "SUB TOTAL": 4875886,
  "IVA": 624113.408,
  "TOTAL": 5499999.408,
  "INT FINANCIAMIENTO": 0,
  "COBRADO": 5499999.41,
  "DEUDA": -0.00200000032782555,
  "PROYECCION": 5500000,
  "ESTATUS": "AL CORRIENTE",
  "MOROSIDAD": 0,
  "Columna1": "PARTE DE MENSUAL. JULIO 19",
  "ESTATUS DEPARTAMENTAL": "null",
  "Column17": "null",
  "COMENTARIOS": "null"
},
{
  "_id": {
    "$oid": "6414c2141fef942482b9e2fe"
  },
  "LLAVE": "GAMMA9B",
  "No": 73,
  "CONJUNTO": "GAMMA",
  "NUMERO": "9B",
  "TIPO": "NAVE",
  "SUB TOTAL": 4529030,
  "IVA": 579715.84,
  "TOTAL": 5108745.84,
  "INT FINANCIAMIENTO": 0,
  "COBRADO": 5108745.84,
  "DEUDA": 0,
  "PROYECCION": 5108745.84,
  "ESTATUS": "AL CORRIENTE",
  "MOROSIDAD": 0,
  "Columna1": "null",
  "ESTATUS DEPARTAMENTAL": "null",
  "Column17": "null",
  "COMENTARIOS": "null"
},
{
  "_id": {
    "$oid": "6414c2141fef942482b9e2ff"
  },
  "LLAVE": "GAMMA10B",
  "No": 74,
  "CONJUNTO": "GAMMA",
  "NUMERO": "10B",
  "TIPO": "NAVE",
  "SUB TOTAL": 4190990,
  "IVA": 536446.72,
  "TOTAL": 4727436.72,
  "INT FINANCIAMIENTO": 0,
  "COBRADO": 4727436.49,
  "DEUDA": 0.230000000447035,
  "PROYECCION": 3959228.253,
  "ESTATUS": "AL CORRIENTE",
  "MOROSIDAD": 768208.236999999,
  "Columna1": "PARTE DIC 18-MAR19",
  "ESTATUS DEPARTAMENTAL": "null",
  "Column17": "null",
  "COMENTARIOS": "null"
},
{
  "_id": {
    "$oid": "6414c2141fef942482b9e300"
  },
  "LLAVE": "GAMMA1C",
  "No": 75,
  "CONJUNTO": "GAMMA",
  "NUMERO": "1C",
  "TIPO": "NAVE",
  "SUB TOTAL": 0,
  "IVA": 0,
  "TOTAL": 0,
  "INT FINANCIAMIENTO": 0,
  "COBRADO": 0,
  "DEUDA": 0,
  "PROYECCION": 0,
  "ESTATUS": "AL CORRIENTE",
  "MOROSIDAD": 0,
  "Columna1": "null",
  "ESTATUS DEPARTAMENTAL": "null",
  "Column17": "null",
  "COMENTARIOS": "null"
},
{
  "_id": {
    "$oid": "6414c2141fef942482b9e301"
  },
  "LLAVE": "GAMMA2C",
  "No": 76,
  "CONJUNTO": "GAMMA",
  "NUMERO": "2C",
  "TIPO": "NAVE",
  "SUB TOTAL": 4268990,
  "IVA": 546430.72,
  "TOTAL": 4815420.72,
  "INT FINANCIAMIENTO": 0,
  "COBRADO": 4815420.72,
  "DEUDA": 0,
  "PROYECCION": 4815420,
  "ESTATUS": "AL CORRIENTE",
  "MOROSIDAD": 0.720000000670552,
  "Columna1": "null",
  "ESTATUS DEPARTAMENTAL": "null",
  "Column17": "null",
  "COMENTARIOS": "null"
},
{
  "_id": {
    "$oid": "6414c2141fef942482b9e302"
  },
  "LLAVE": "GAMMA3C",
  "No": 77,
  "CONJUNTO": "GAMMA",
  "NUMERO": "3C",
  "TIPO": "NAVE",
  "SUB TOTAL": 3996000,
  "IVA": 511488,
  "TOTAL": 4507488,
  "INT FINANCIAMIENTO": 0,
  "COBRADO": 4507488.4,
  "DEUDA": -0.400000000372529,
  "PROYECCION": 4507488,
  "ESTATUS": "AL CORRIENTE",
  "MOROSIDAD": 0.400000000372529,
  "Columna1": "PARTE DE MARZO 19",
  "ESTATUS DEPARTAMENTAL": "null",
  "Column17": "null",
  "COMENTARIOS": "null"
},
{
  "_id": {
    "$oid": "6414c2141fef942482b9e303"
  },
  "LLAVE": "GAMMA4C",
  "No": 78,
  "CONJUNTO": "GAMMA",
  "NUMERO": "4C",
  "TIPO": "NAVE",
  "SUB TOTAL": 3758000,
  "IVA": 481024,
  "TOTAL": 4239024,
  "INT FINANCIAMIENTO": 0,
  "COBRADO": 4239043.93,
  "DEUDA": -19.929999999702,
  "PROYECCION": 4239024,
  "ESTATUS": "AL CORRIENTE",
  "MOROSIDAD": 19.929999999702,
  "Columna1": "PARTE DE SEP 18",
  "ESTATUS DEPARTAMENTAL": "null",
  "Column17": "null",
  "COMENTARIOS": "null"
},
{
  "_id": {
    "$oid": "6414c2141fef942482b9e304"
  },
  "LLAVE": "GAMMA5C",
  "No": 79,
  "CONJUNTO": "GAMMA",
  "NUMERO": "5C",
  "TIPO": "NAVE",
  "SUB TOTAL": 4420000,
  "IVA": 565760,
  "TOTAL": 4985760,
  "INT FINANCIAMIENTO": 0,
  "COBRADO": 4648580.39,
  "DEUDA": 337179.609999999,
  "PROYECCION": 1016666.67,
  "ESTATUS": "AL CORRIENTE",
  "MOROSIDAD": 3631913.72,
  "Columna1": "null",
  "ESTATUS DEPARTAMENTAL": "null",
  "Column17": "null",
  "COMENTARIOS": "null"
},
{
  "_id": {
    "$oid": "6414c2141fef942482b9e305"
  },
  "LLAVE": "GAMMA6C",
  "No": 80,
  "CONJUNTO": "GAMMA",
  "NUMERO": "6C",
  "TIPO": "NAVE",
  "SUB TOTAL": 5004237.96,
  "IVA": 640542.45888,
  "TOTAL": 5644780.41888,
  "INT FINANCIAMIENTO": 0,
  "COBRADO": 2877267.5,
  "DEUDA": 2767512.91888,
  "PROYECCION": 0,
  "ESTATUS": "AL CORRIENTE",
  "MOROSIDAD": 2877267.5,
  "Columna1": "null",
  "ESTATUS DEPARTAMENTAL": "null",
  "Column17": "null",
  "COMENTARIOS": "null"
},
{
  "_id": {
    "$oid": "6414c2141fef942482b9e306"
  },
  "LLAVE": "GAMMA7C",
  "No": 81,
  "CONJUNTO": "GAMMA",
  "NUMERO": "7C",
  "TIPO": "NAVE",
  "SUB TOTAL": 5004237.96,
  "IVA": 640542.45888,
  "TOTAL": 5644780.41888,
  "INT FINANCIAMIENTO": 0,
  "COBRADO": 2877267.5,
  "DEUDA": 2767512.91888,
  "PROYECCION": 0,
  "ESTATUS": "AL CORRIENTE",
  "MOROSIDAD": 2877267.5,
  "Columna1": "null",
  "ESTATUS DEPARTAMENTAL": "null",
  "Column17": "null",
  "COMENTARIOS": "null"
},
{
  "_id": {
    "$oid": "6414c2141fef942482b9e307"
  },
  "LLAVE": "GAMMA8C",
  "No": 82,
  "CONJUNTO": "GAMMA",
  "NUMERO": "8C",
  "TIPO": "NAVE",
  "SUB TOTAL": 0,
  "IVA": 0,
  "TOTAL": 0,
  "INT FINANCIAMIENTO": 0,
  "COBRADO": 0,
  "DEUDA": 0,
  "PROYECCION": 0,
  "ESTATUS": "AL CORRIENTE",
  "MOROSIDAD": 0,
  "Columna1": "null",
  "ESTATUS DEPARTAMENTAL": "null",
  "Column17": "null",
  "COMENTARIOS": "null"
},
{
  "_id": {
    "$oid": "6414c2141fef942482b9e308"
  },
  "LLAVE": "GAMMA9C",
  "No": 83,
  "CONJUNTO": "GAMMA",
  "NUMERO": "9C",
  "TIPO": "NAVE",
  "SUB TOTAL": 0,
  "IVA": 0,
  "TOTAL": 0,
  "INT FINANCIAMIENTO": 0,
  "COBRADO": 0,
  "DEUDA": 0,
  "PROYECCION": 0,
  "ESTATUS": "AL CORRIENTE",
  "MOROSIDAD": 0,
  "Columna1": "null",
  "ESTATUS DEPARTAMENTAL": "null",
  "Column17": "null",
  "COMENTARIOS": "null"
},
{
  "_id": {
    "$oid": "6414c2141fef942482b9e309"
  },
  "LLAVE": "GAMMA10C",
  "No": 84,
  "CONJUNTO": "GAMMA",
  "NUMERO": "10C",
  "TIPO": "NAVE",
  "SUB TOTAL": 0,
  "IVA": 0,
  "TOTAL": 0,
  "INT FINANCIAMIENTO": 0,
  "COBRADO": 0,
  "DEUDA": 0,
  "PROYECCION": 0,
  "ESTATUS": "AL CORRIENTE",
  "MOROSIDAD": 0,
  "Columna1": "null",
  "ESTATUS DEPARTAMENTAL": "null",
  "Column17": "null",
  "COMENTARIOS": "null"
},
{
  "_id": {
    "$oid": "6414c2141fef942482b9e30a"
  },
  "LLAVE": "GAMMA1D",
  "No": 85,
  "CONJUNTO": "GAMMA",
  "NUMERO": "1D",
  "TIPO": "NAVE",
  "SUB TOTAL": 4263732,
  "IVA": 545757.696,
  "TOTAL": 4809489.696,
  "INT FINANCIAMIENTO": 0,
  "COBRADO": 4809846,
  "DEUDA": -356.303999999538,
  "PROYECCION": 4809489.7,
  "ESTATUS": "AL CORRIENTE",
  "MOROSIDAD": 356.299999999814,
  "Columna1": "null",
  "ESTATUS DEPARTAMENTAL": "null",
  "Column17": "null",
  "COMENTARIOS": "null"
},
{
  "_id": {
    "$oid": "6414c2141fef942482b9e30b"
  },
  "LLAVE": "GAMMA2D",
  "No": 86,
  "CONJUNTO": "GAMMA",
  "NUMERO": "2D",
  "TIPO": "NAVE",
  "SUB TOTAL": 4470680,
  "IVA": 572247.04,
  "TOTAL": 5042927.04,
  "INT FINANCIAMIENTO": 0,
  "COBRADO": 5042927,
  "DEUDA": 0.0400000000372529,
  "PROYECCION": 5042927.04,
  "ESTATUS": "AL CORRIENTE",
  "MOROSIDAD": 0,
  "Columna1": "null",
  "ESTATUS DEPARTAMENTAL": "null",
  "Column17": "null",
  "COMENTARIOS": "null"
},
{
  "_id": {
    "$oid": "6414c2141fef942482b9e30c"
  },
  "LLAVE": "GAMMA3D",
  "No": 87,
  "CONJUNTO": "GAMMA",
  "NUMERO": "3D",
  "TIPO": "NAVE",
  "SUB TOTAL": 3932300,
  "IVA": 503334.4,
  "TOTAL": 4435634.4,
  "INT FINANCIAMIENTO": 0,
  "COBRADO": 4435634.4,
  "DEUDA": 0,
  "PROYECCION": 4435634.4,
  "ESTATUS": "AL CORRIENTE",
  "MOROSIDAD": 0,
  "Columna1": "null",
  "ESTATUS DEPARTAMENTAL": "null",
  "Column17": "null",
  "COMENTARIOS": "null"
},
{
  "_id": {
    "$oid": "6414c2141fef942482b9e30d"
  },
  "LLAVE": "GAMMA4D",
  "No": 88,
  "CONJUNTO": "GAMMA",
  "NUMERO": "4D",
  "TIPO": "NAVE",
  "SUB TOTAL": 3916080,
  "IVA": 501258.24,
  "TOTAL": 4417338.24,
  "INT FINANCIAMIENTO": 0,
  "COBRADO": 4417338.22,
  "DEUDA": 0.0200000004842877,
  "PROYECCION": 4417338.22,
  "ESTATUS": "AL CORRIENTE",
  "MOROSIDAD": 0,
  "Columna1": "null",
  "ESTATUS DEPARTAMENTAL": "null",
  "Column17": "null",
  "COMENTARIOS": "null"
},
{
  "_id": {
    "$oid": "6414c2141fef942482b9e30e"
  },
  "LLAVE": "GAMMA5D",
  "No": 89,
  "CONJUNTO": "GAMMA",
  "NUMERO": "5D",
  "TIPO": "NAVE",
  "SUB TOTAL": 3758000,
  "IVA": 481024,
  "TOTAL": 4239024,
  "INT FINANCIAMIENTO": 0,
  "COBRADO": 4239024,
  "DEUDA": 0,
  "PROYECCION": 2119512,
  "ESTATUS": "AL CORRIENTE",
  "MOROSIDAD": 2119512,
  "Columna1": "null",
  "ESTATUS DEPARTAMENTAL": "null",
  "Column17": "null",
  "COMENTARIOS": "null"
},
{
  "_id": {
    "$oid": "6414c2141fef942482b9e30f"
  },
  "LLAVE": "GAMMA6D",
  "No": 90,
  "CONJUNTO": "GAMMA",
  "NUMERO": "6D",
  "TIPO": "NAVE",
  "SUB TOTAL": 0,
  "IVA": 0,
  "TOTAL": 0,
  "INT FINANCIAMIENTO": 0,
  "COBRADO": 0,
  "DEUDA": 0,
  "PROYECCION": 0,
  "ESTATUS": "AL CORRIENTE",
  "MOROSIDAD": 0,
  "Columna1": "null",
  "ESTATUS DEPARTAMENTAL": "null",
  "Column17": "null",
  "COMENTARIOS": "null"
},
{
  "_id": {
    "$oid": "6414c2141fef942482b9e310"
  },
  "LLAVE": "GAMMA7D",
  "No": 91,
  "CONJUNTO": "GAMMA",
  "NUMERO": "7D",
  "TIPO": "NAVE",
  "SUB TOTAL": 0,
  "IVA": 0,
  "TOTAL": 0,
  "INT FINANCIAMIENTO": 0,
  "COBRADO": 0,
  "DEUDA": 0,
  "PROYECCION": 0,
  "ESTATUS": "AL CORRIENTE",
  "MOROSIDAD": 0,
  "Columna1": "null",
  "ESTATUS DEPARTAMENTAL": "null",
  "Column17": "null",
  "COMENTARIOS": "null"
},
{
  "_id": {
    "$oid": "6414c2141fef942482b9e311"
  },
  "LLAVE": "GAMMA8D",
  "No": 92,
  "CONJUNTO": "GAMMA",
  "NUMERO": "8D",
  "TIPO": "NAVE",
  "SUB TOTAL": 3645260,
  "IVA": 466593.28,
  "TOTAL": 4111853.28,
  "INT FINANCIAMIENTO": 0,
  "COBRADO": 4111853.25,
  "DEUDA": 0.0299999993294477,
  "PROYECCION": 4111853.2,
  "ESTATUS": "AL CORRIENTE",
  "MOROSIDAD": 0.0500000021420419,
  "Columna1": "null",
  "ESTATUS DEPARTAMENTAL": "null",
  "Column17": "null",
  "COMENTARIOS": "null"
},
{
  "_id": {
    "$oid": "6414c2141fef942482b9e312"
  },
  "LLAVE": "GAMMA9D",
  "No": 93,
  "CONJUNTO": "GAMMA",
  "NUMERO": "9D",
  "TIPO": "NAVE",
  "SUB TOTAL": 3645260,
  "IVA": 466593.28,
  "TOTAL": 4111853.28,
  "INT FINANCIAMIENTO": 0,
  "COBRADO": 4111853.25,
  "DEUDA": 0.0299999993294477,
  "PROYECCION": 4111853.2,
  "ESTATUS": "AL CORRIENTE",
  "MOROSIDAD": 0.0500000021420419,
  "Columna1": "null",
  "ESTATUS DEPARTAMENTAL": "null",
  "Column17": "null",
  "COMENTARIOS": "null"
},
{
  "_id": {
    "$oid": "6414c2141fef942482b9e313"
  },
  "LLAVE": "GAMMA10D",
  "No": 94,
  "CONJUNTO": "GAMMA",
  "NUMERO": "10D",
  "TIPO": "NAVE",
  "SUB TOTAL": 3720284,
  "IVA": 476196.352,
  "TOTAL": 4196480.352,
  "INT FINANCIAMIENTO": 0,
  "COBRADO": 4196488,
  "DEUDA": -7.6480000000447,
  "PROYECCION": 4196486.56,
  "ESTATUS": "AL CORRIENTE",
  "MOROSIDAD": 1.44000000040978,
  "Columna1": "PARTE DE JUNIO 19",
  "ESTATUS DEPARTAMENTAL": "null",
  "Column17": "null",
  "COMENTARIOS": "null"
},
{
  "_id": {
    "$oid": "6414c2141fef942482b9e314"
  },
  "LLAVE": "GAMMA1E",
  "No": 95,
  "CONJUNTO": "GAMMA",
  "NUMERO": "1E",
  "TIPO": "NAVE",
  "SUB TOTAL": 0,
  "IVA": 0,
  "TOTAL": 0,
  "INT FINANCIAMIENTO": 0,
  "COBRADO": 0,
  "DEUDA": 0,
  "PROYECCION": 0,
  "ESTATUS": "AL CORRIENTE",
  "MOROSIDAD": 0,
  "Columna1": "null",
  "ESTATUS DEPARTAMENTAL": "null",
  "Column17": "null",
  "COMENTARIOS": "null"
},
{
  "_id": {
    "$oid": "6414c2141fef942482b9e315"
  },
  "LLAVE": "GAMMA2E",
  "No": 96,
  "CONJUNTO": "GAMMA",
  "NUMERO": "2E",
  "TIPO": "NAVE",
  "SUB TOTAL": 0,
  "IVA": 0,
  "TOTAL": 0,
  "INT FINANCIAMIENTO": 0,
  "COBRADO": 0,
  "DEUDA": 0,
  "PROYECCION": 0,
  "ESTATUS": "AL CORRIENTE",
  "MOROSIDAD": 0,
  "Columna1": "null",
  "ESTATUS DEPARTAMENTAL": "null",
  "Column17": "null",
  "COMENTARIOS": "null"
},
{
  "_id": {
    "$oid": "6414c2141fef942482b9e316"
  },
  "LLAVE": "GAMMA3E",
  "No": 97,
  "CONJUNTO": "GAMMA",
  "NUMERO": "3E",
  "TIPO": "NAVE",
  "SUB TOTAL": 0,
  "IVA": 0,
  "TOTAL": 0,
  "INT FINANCIAMIENTO": 0,
  "COBRADO": 0,
  "DEUDA": 0,
  "PROYECCION": 0,
  "ESTATUS": "AL CORRIENTE",
  "MOROSIDAD": 0,
  "Columna1": "null",
  "ESTATUS DEPARTAMENTAL": "null",
  "Column17": "null",
  "COMENTARIOS": "null"
},
{
  "_id": {
    "$oid": "6414c2141fef942482b9e317"
  },
  "LLAVE": "GAMMA4E",
  "No": 98,
  "CONJUNTO": "GAMMA",
  "NUMERO": "4E",
  "TIPO": "NAVE",
  "SUB TOTAL": 0,
  "IVA": 0,
  "TOTAL": 0,
  "INT FINANCIAMIENTO": 0,
  "COBRADO": 0,
  "DEUDA": 0,
  "PROYECCION": 0,
  "ESTATUS": "AL CORRIENTE",
  "MOROSIDAD": 0,
  "Columna1": "null",
  "ESTATUS DEPARTAMENTAL": "null",
  "Column17": "null",
  "COMENTARIOS": "null"
},
{
  "_id": {
    "$oid": "6414c2141fef942482b9e318"
  },
  "LLAVE": "GAMMA5E",
  "No": 99,
  "CONJUNTO": "GAMMA",
  "NUMERO": "5E",
  "TIPO": "NAVE",
  "SUB TOTAL": 3504875.89,
  "IVA": 448624.11392,
  "TOTAL": 3953500.00392,
  "INT FINANCIAMIENTO": 0,
  "COBRADO": 3956000,
  "DEUDA": 0,
  "PROYECCION": 1181500,
  "ESTATUS": "AL CORRIENTE",
  "MOROSIDAD": 2774500,
  "Columna1": "null",
  "ESTATUS DEPARTAMENTAL": "null",
  "Column17": "null",
  "COMENTARIOS": "null"
},
{
  "_id": {
    "$oid": "6414c2141fef942482b9e319"
  },
  "LLAVE": "GAMMA6E",
  "No": 100,
  "CONJUNTO": "GAMMA",
  "NUMERO": "6E",
  "TIPO": "NAVE",
  "SUB TOTAL": 3504875.89,
  "IVA": 448624.11392,
  "TOTAL": 3953500.00392,
  "INT FINANCIAMIENTO": 0,
  "COBRADO": 3956000,
  "DEUDA": 0,
  "PROYECCION": 1181500,
  "ESTATUS": "AL CORRIENTE",
  "MOROSIDAD": 2774500,
  "Columna1": "null",
  "ESTATUS DEPARTAMENTAL": "null",
  "Column17": "null",
  "COMENTARIOS": "null"
},
{
  "_id": {
    "$oid": "6414c2141fef942482b9e31a"
  },
  "LLAVE": "GAMMA7E",
  "No": 101,
  "CONJUNTO": "GAMMA",
  "NUMERO": "7E",
  "TIPO": "NAVE",
  "SUB TOTAL": 3724000,
  "IVA": 476672,
  "TOTAL": 4200672,
  "INT FINANCIAMIENTO": 0,
  "COBRADO": 4200672,
  "DEUDA": 0,
  "PROYECCION": 4200669,
  "ESTATUS": "AL CORRIENTE",
  "MOROSIDAD": 3,
  "Columna1": "PARTE JULIO 18",
  "ESTATUS DEPARTAMENTAL": "null",
  "Column17": "null",
  "COMENTARIOS": "null"
},
{
  "_id": {
    "$oid": "6414c2141fef942482b9e31b"
  },
  "LLAVE": "GAMMA8E",
  "No": 102,
  "CONJUNTO": "GAMMA",
  "NUMERO": "8E",
  "TIPO": "NAVE",
  "SUB TOTAL": 3486320,
  "IVA": 446248.96,
  "TOTAL": 3932568.96,
  "INT FINANCIAMIENTO": 0,
  "COBRADO": 3932568.96,
  "DEUDA": 0,
  "PROYECCION": 3932568.24,
  "ESTATUS": "AL CORRIENTE",
  "MOROSIDAD": 0.71999999973923,
  "Columna1": "null",
  "ESTATUS DEPARTAMENTAL": "null",
  "Column17": "null",
  "COMENTARIOS": "null"
},
{
  "_id": {
    "$oid": "6414c2141fef942482b9e31c"
  },
  "LLAVE": "GAMMA9E",
  "No": 103,
  "CONJUNTO": "GAMMA",
  "NUMERO": "9E",
  "TIPO": "NAVE",
  "SUB TOTAL": 4300251.36,
  "IVA": 550432.17408,
  "TOTAL": 4850683.53408,
  "INT FINANCIAMIENTO": 0,
  "COBRADO": 4850683.535,
  "DEUDA": -0.000919999554753304,
  "PROYECCION": 4850683.535,
  "ESTATUS": "AL CORRIENTE",
  "MOROSIDAD": 0,
  "Columna1": "PARTE DE NOV 19",
  "ESTATUS DEPARTAMENTAL": "null",
  "Column17": "null",
  "COMENTARIOS": "null"
},
{
  "_id": {
    "$oid": "6414c2141fef942482b9e31d"
  },
  "LLAVE": "GAMMA10E",
  "No": 104,
  "CONJUNTO": "GAMMA",
  "NUMERO": "10E",
  "TIPO": "NAVE",
  "SUB TOTAL": 4300251.36,
  "IVA": 550432.17408,
  "TOTAL": 4850683.53408,
  "INT FINANCIAMIENTO": 0,
  "COBRADO": 4850683.535,
  "DEUDA": -0.000919999554753304,
  "PROYECCION": 4850683.535,
  "ESTATUS": "AL CORRIENTE",
  "MOROSIDAD": 0,
  "Columna1": "PARTE DE NOV 19",
  "ESTATUS DEPARTAMENTAL": "null",
  "Column17": "null",
  "COMENTARIOS": "null"
},
{
  "_id": {
    "$oid": "6414c2141fef942482b9e31e"
  },
  "LLAVE": "GAMMA1F",
  "No": 105,
  "CONJUNTO": "GAMMA",
  "NUMERO": "1F",
  "TIPO": "NAVE",
  "SUB TOTAL": 4609929.08,
  "IVA": 590070.92224,
  "TOTAL": 5200000.00224,
  "INT FINANCIAMIENTO": 0,
  "COBRADO": 5200000,
  "DEUDA": 0.00224000029265881,
  "PROYECCION": 5200000,
  "ESTATUS": "AL CORRIENTE",
  "MOROSIDAD": 0,
  "Columna1": "null",
  "ESTATUS DEPARTAMENTAL": "null",
  "Column17": "null",
  "COMENTARIOS": "null"
},
{
  "_id": {
    "$oid": "6414c2141fef942482b9e31f"
  },
  "LLAVE": "GAMMA2F",
  "No": 106,
  "CONJUNTO": "GAMMA",
  "NUMERO": "2F",
  "TIPO": "NAVE",
  "SUB TOTAL": 4609929.08,
  "IVA": 590070.92224,
  "TOTAL": 5200000.00224,
  "INT FINANCIAMIENTO": 0,
  "COBRADO": 5200001,
  "DEUDA": -0.997759999707341,
  "PROYECCION": 5200000,
  "ESTATUS": "AL CORRIENTE",
  "MOROSIDAD": 1,
  "Columna1": "null",
  "ESTATUS DEPARTAMENTAL": "null",
  "Column17": "null",
  "COMENTARIOS": "null"
},
{
  "_id": {
    "$oid": "6414c2141fef942482b9e320"
  },
  "LLAVE": "GAMMA3F",
  "No": 107,
  "CONJUNTO": "GAMMA",
  "NUMERO": "3F",
  "TIPO": "NAVE",
  "SUB TOTAL": 4862000,
  "IVA": 622336,
  "TOTAL": 5484336,
  "INT FINANCIAMIENTO": 0,
  "COBRADO": 5484336,
  "DEUDA": 0,
  "PROYECCION": 5484336,
  "ESTATUS": "AL CORRIENTE",
  "MOROSIDAD": 0,
  "Columna1": "null",
  "ESTATUS DEPARTAMENTAL": "null",
  "Column17": "null",
  "COMENTARIOS": "null"
},
{
  "_id": {
    "$oid": "6414c2141fef942482b9e321"
  },
  "LLAVE": "GAMMA4F",
  "No": 108,
  "CONJUNTO": "GAMMA",
  "NUMERO": "4F",
  "TIPO": "NAVE",
  "SUB TOTAL": 4862000,
  "IVA": 622336,
  "TOTAL": 5484336,
  "INT FINANCIAMIENTO": 0,
  "COBRADO": 5484336,
  "DEUDA": 0,
  "PROYECCION": 5484336,
  "ESTATUS": "AL CORRIENTE",
  "MOROSIDAD": 0,
  "Columna1": "null",
  "ESTATUS DEPARTAMENTAL": "null",
  "Column17": "null",
  "COMENTARIOS": "null"
},
{
  "_id": {
    "$oid": "6414c2141fef942482b9e322"
  },
  "LLAVE": "GAMMA5F",
  "No": 109,
  "CONJUNTO": "GAMMA",
  "NUMERO": "5F",
  "TIPO": "NAVE",
  "SUB TOTAL": 4862000,
  "IVA": 622336,
  "TOTAL": 5484336,
  "INT FINANCIAMIENTO": 0,
  "COBRADO": 5484336,
  "DEUDA": 0,
  "PROYECCION": 5484336,
  "ESTATUS": "AL CORRIENTE",
  "MOROSIDAD": 0,
  "Columna1": "null",
  "ESTATUS DEPARTAMENTAL": "null",
  "Column17": "null",
  "COMENTARIOS": "null"
},
{
  "_id": {
    "$oid": "6414c2141fef942482b9e323"
  },
  "LLAVE": "GAMMA6F",
  "No": 110,
  "CONJUNTO": "GAMMA",
  "NUMERO": "6F",
  "TIPO": "NAVE",
  "SUB TOTAL": 4095990,
  "IVA": 524286.72,
  "TOTAL": 4620276.72,
  "INT FINANCIAMIENTO": 0,
  "COBRADO": 4620276.72,
  "DEUDA": 0,
  "PROYECCION": 3869478,
  "ESTATUS": "AL CORRIENTE",
  "MOROSIDAD": 750798.72,
  "Columna1": "null",
  "ESTATUS DEPARTAMENTAL": "null",
  "Column17": "null",
  "COMENTARIOS": "null"
},
{
  "_id": {
    "$oid": "6414c2141fef942482b9e324"
  },
  "LLAVE": "GAMMA7F",
  "No": 111,
  "CONJUNTO": "GAMMA",
  "NUMERO": "7F",
  "TIPO": "NAVE",
  "SUB TOTAL": 4095990,
  "IVA": 524286.72,
  "TOTAL": 4620276.72,
  "INT FINANCIAMIENTO": 0,
  "COBRADO": 4620276.72,
  "DEUDA": 0,
  "PROYECCION": 3869478,
  "ESTATUS": "AL CORRIENTE",
  "MOROSIDAD": 750798.72,
  "Columna1": "null",
  "ESTATUS DEPARTAMENTAL": "null",
  "Column17": "null",
  "COMENTARIOS": "null"
},
{
  "_id": {
    "$oid": "6414c2141fef942482b9e325"
  },
  "LLAVE": "GAMMA8F",
  "No": 112,
  "CONJUNTO": "GAMMA",
  "NUMERO": "8F",
  "TIPO": "NAVE",
  "SUB TOTAL": 3870000,
  "IVA": 495360,
  "TOTAL": 4365360,
  "INT FINANCIAMIENTO": 0,
  "COBRADO": 4365360,
  "DEUDA": 0,
  "PROYECCION": 4365360,
  "ESTATUS": "AL CORRIENTE",
  "MOROSIDAD": 0,
  "Columna1": "PARTE DE JULIO 19",
  "ESTATUS DEPARTAMENTAL": "null",
  "Column17": "null",
  "COMENTARIOS": "null"
},
{
  "_id": {
    "$oid": "6414c2141fef942482b9e326"
  },
  "LLAVE": "GAMMA9F",
  "No": 113,
  "CONJUNTO": "GAMMA",
  "NUMERO": "9F",
  "TIPO": "NAVE",
  "SUB TOTAL": 4350000,
  "IVA": 556800,
  "TOTAL": 4906800,
  "INT FINANCIAMIENTO": 0,
  "COBRADO": 4906800,
  "DEUDA": 0,
  "PROYECCION": 4906800,
  "ESTATUS": "AL CORRIENTE",
  "MOROSIDAD": 0,
  "Columna1": "PARTE DE MAYO 19",
  "ESTATUS DEPARTAMENTAL": "null",
  "Column17": "null",
  "COMENTARIOS": "null"
},
{
  "_id": {
    "$oid": "6414c2141fef942482b9e327"
  },
  "LLAVE": "GAMMA10F",
  "No": 114,
  "CONJUNTO": "GAMMA",
  "NUMERO": "10F",
  "TIPO": "NAVE",
  "SUB TOTAL": 3704934,
  "IVA": 474231.552,
  "TOTAL": 4179165.552,
  "INT FINANCIAMIENTO": 0,
  "COBRADO": 4179165.55,
  "DEUDA": 0.00200000032782555,
  "PROYECCION": 3500051.27,
  "ESTATUS": "AL CORRIENTE",
  "MOROSIDAD": 679114.280000001,
  "Columna1": "null",
  "ESTATUS DEPARTAMENTAL": "null",
  "Column17": "null",
  "COMENTARIOS": "null"
},
{
  "_id": {
    "$oid": "6414c2141fef942482b9e328"
  },
  "LLAVE": "GAMMA II1G",
  "No": 115,
  "CONJUNTO": "GAMMA II",
  "NUMERO": "1G",
  "TIPO": "NAVE",
  "SUB TOTAL": 0,
  "IVA": 0,
  "TOTAL": 0,
  "INT FINANCIAMIENTO": 0,
  "COBRADO": 0,
  "DEUDA": 0,
  "PROYECCION": 0,
  "ESTATUS": "AL CORRIENTE",
  "MOROSIDAD": 0,
  "Columna1": "null",
  "ESTATUS DEPARTAMENTAL": "null",
  "Column17": "null",
  "COMENTARIOS": "null"
},
{
  "_id": {
    "$oid": "6414c2141fef942482b9e329"
  },
  "LLAVE": "GAMMA II2G",
  "No": 116,
  "CONJUNTO": "GAMMA II",
  "NUMERO": "2G",
  "TIPO": "NAVE",
  "SUB TOTAL": 0,
  "IVA": 0,
  "TOTAL": 0,
  "INT FINANCIAMIENTO": 0,
  "COBRADO": 40000,
  "DEUDA": -40000,
  "PROYECCION": 0,
  "ESTATUS": "AL CORRIENTE",
  "MOROSIDAD": 40000,
  "Columna1": "null",
  "ESTATUS DEPARTAMENTAL": "null",
  "Column17": "null",
  "COMENTARIOS": "null"
},
{
  "_id": {
    "$oid": "6414c2141fef942482b9e32a"
  },
  "LLAVE": "GAMMA II3G",
  "No": 117,
  "CONJUNTO": "GAMMA II",
  "NUMERO": "3G",
  "TIPO": "NAVE",
  "SUB TOTAL": 5216632.16,
  "IVA": 667728.91648,
  "TOTAL": 5884361.07648,
  "INT FINANCIAMIENTO": 0,
  "COBRADO": 4061881.2699,
  "DEUDA": 1822479.80658,
  "PROYECCION": 1068992.27,
  "ESTATUS": "AL CORRIENTE",
  "MOROSIDAD": 0,
  "Columna1": "null",
  "ESTATUS DEPARTAMENTAL": "null",
  "Column17": "null",
  "COMENTARIOS": "null"
},
{
  "_id": {
    "$oid": "6414c2141fef942482b9e32b"
  },
  "LLAVE": "GAMMA II4G",
  "No": 118,
  "CONJUNTO": "GAMMA II",
  "NUMERO": "4G",
  "TIPO": "NAVE",
  "SUB TOTAL": 4381068.62,
  "IVA": 560776.78336,
  "TOTAL": 4941845.40336,
  "INT FINANCIAMIENTO": 1473315.41663999,
  "COBRADO": 2379445.357,
  "DEUDA": 2562400.04636,
  "PROYECCION": 2482097.02,
  "ESTATUS": "MOROSO",
  "MOROSIDAD": -102651.663000001,
  "Columna1": "-102651.663000001",
  "ESTATUS DEPARTAMENTAL": "null",
  "Column17": "revisar si hay acuerdo de no cobro de interes de financiamiento",
  "COMENTARIOS": "null"
},
{
  "_id": {
    "$oid": "6414c2141fef942482b9e32c"
  },
  "LLAVE": "GAMMA II5G",
  "No": 119,
  "CONJUNTO": "GAMMA II",
  "NUMERO": "5G",
  "TIPO": "NAVE",
  "SUB TOTAL": 4381068.62,
  "IVA": 560776.78336,
  "TOTAL": 4941845.40336,
  "INT FINANCIAMIENTO": 1616559.11664,
  "COBRADO": 2266089.041,
  "DEUDA": 2675756.36236,
  "PROYECCION": 2457858.3,
  "ESTATUS": "MOROSO",
  "MOROSIDAD": -191769.259,
  "Columna1": "PARTE JUNIO 22-AGOSTO22",
  "ESTATUS DEPARTAMENTAL": "COBRANZA",
  "Column17": "null",
  "COMENTARIOS": "SI"
},
{
  "_id": {
    "$oid": "6414c2141fef942482b9e32d"
  },
  "LLAVE": "GAMMA II6G",
  "No": 120,
  "CONJUNTO": "GAMMA II",
  "NUMERO": "6G",
  "TIPO": "NAVE",
  "SUB TOTAL": 4516433.78,
  "IVA": 578103.52384,
  "TOTAL": 5094537.30384,
  "INT FINANCIAMIENTO": 605354.186160007,
  "COBRADO": 2642964.9,
  "DEUDA": 2451572.40384,
  "PROYECCION": 2835959.13,
  "ESTATUS": "MOROSO",
  "MOROSIDAD": -192994.23,
  "Columna1": "PARTE MARZO 22-AGOSTO22",
  "ESTATUS DEPARTAMENTAL": "null",
  "Column17": "revisar acuerdo de meses con interes",
  "COMENTARIOS": "null"
},
{
  "_id": {
    "$oid": "6414c2141fef942482b9e32e"
  },
  "LLAVE": "GAMMA II7G",
  "No": 121,
  "CONJUNTO": "GAMMA II",
  "NUMERO": "7G",
  "TIPO": "NAVE",
  "SUB TOTAL": 0,
  "IVA": 0,
  "TOTAL": 0,
  "INT FINANCIAMIENTO": 0,
  "COBRADO": 0,
  "DEUDA": 0,
  "PROYECCION": 0,
  "ESTATUS": "AL CORRIENTE",
  "MOROSIDAD": 0,
  "Columna1": "null",
  "ESTATUS DEPARTAMENTAL": "null",
  "Column17": "null",
  "COMENTARIOS": "null"
},
{
  "_id": {
    "$oid": "6414c2141fef942482b9e32f"
  },
  "LLAVE": "GAMMA II8G",
  "No": 122,
  "CONJUNTO": "GAMMA II",
  "NUMERO": "8G",
  "TIPO": "NAVE",
  "SUB TOTAL": 4819175.49,
  "IVA": 616854.46272,
  "TOTAL": 5436029.95272,
  "INT FINANCIAMIENTO": 4805757.38727996,
  "COBRADO": 5436029.95,
  "DEUDA": 0.00272000022232533,
  "PROYECCION": 2081945.26,
  "ESTATUS": "AL CORRIENTE",
  "MOROSIDAD": 3354084.69,
  "Columna1": "null",
  "ESTATUS DEPARTAMENTAL": "null",
  "Column17": "null",
  "COMENTARIOS": "null"
},
{
  "_id": {
    "$oid": "6414c2141fef942482b9e330"
  },
  "LLAVE": "GAMMA II9G",
  "No": 123,
  "CONJUNTO": "GAMMA II",
  "NUMERO": "9G",
  "TIPO": "NAVE",
  "SUB TOTAL": 4381068.62,
  "IVA": 560776.78336,
  "TOTAL": 4941845.40336,
  "INT FINANCIAMIENTO": 4368870.26663999,
  "COBRADO": 1851069.22,
  "DEUDA": 3090776.18336,
  "PROYECCION": 1892677.51,
  "ESTATUS": "MOROSO",
  "MOROSIDAD": -41608.29,
  "Columna1": "null",
  "ESTATUS DEPARTAMENTAL": "null",
  "Column17": "null",
  "COMENTARIOS": "null"
},
{
  "_id": {
    "$oid": "6414c2141fef942482b9e331"
  },
  "LLAVE": "GAMMA II10G",
  "No": 124,
  "CONJUNTO": "GAMMA II",
  "NUMERO": "10G",
  "TIPO": "NAVE",
  "SUB TOTAL": 3240215.15957447,
  "IVA": 414747.540425532,
  "TOTAL": 3654962.7,
  "INT FINANCIAMIENTO": 1980674.34000001,
  "COBRADO": 1588842,
  "DEUDA": 2066120.7,
  "PROYECCION": 1588840.52,
  "ESTATUS": "AL CORRIENTE",
  "MOROSIDAD": 1.47999999998137,
  "Columna1": "null",
  "ESTATUS DEPARTAMENTAL": "null",
  "Column17": "null",
  "COMENTARIOS": "null"
},
{
  "_id": {
    "$oid": "6414c2141fef942482b9e332"
  },
  "LLAVE": "GAMMA II11G",
  "No": 125,
  "CONJUNTO": "GAMMA II",
  "NUMERO": "11G",
  "TIPO": "NAVE",
  "SUB TOTAL": 4893698.82,
  "IVA": 626393.44896,
  "TOTAL": 5520092.26896,
  "INT FINANCIAMIENTO": 299910.541040008,
  "COBRADO": 1960134.78,
  "DEUDA": 3559957.48896,
  "PROYECCION": 2170491.01,
  "ESTATUS": "MOROSO",
  "MOROSIDAD": -210356.23,
  "Columna1": "PARTE DE AGOSTO 22",
  "ESTATUS DEPARTAMENTAL": "null",
  "Column17": "null",
  "COMENTARIOS": "SI"
},
{
  "_id": {
    "$oid": "6414c2141fef942482b9e333"
  },
  "LLAVE": "GAMMA II12G",
  "No": 126,
  "CONJUNTO": "GAMMA II",
  "NUMERO": "12G",
  "TIPO": "NAVE",
  "SUB TOTAL": 4516565.59,
  "IVA": 578120.39552,
  "TOTAL": 5094685.98552,
  "INT FINANCIAMIENTO": 4368870.26447999,
  "COBRADO": 1944190.8,
  "DEUDA": 3150495.18552,
  "PROYECCION": 1974190.8,
  "ESTATUS": "MOROSO",
  "MOROSIDAD": -30000,
  "Columna1": "null",
  "ESTATUS DEPARTAMENTAL": "null",
  "Column17": "null",
  "COMENTARIOS": "SI"
},
{
  "_id": {
    "$oid": "6414c2141fef942482b9e334"
  },
  "LLAVE": "GAMMA II13G",
  "No": 127,
  "CONJUNTO": "GAMMA II",
  "NUMERO": "13G",
  "TIPO": "NAVE",
  "SUB TOTAL": 4516565.59,
  "IVA": 578120.39552,
  "TOTAL": 5094685.98552,
  "INT FINANCIAMIENTO": 5133073.16447998,
  "COBRADO": 1944190.8,
  "DEUDA": 3150495.18552,
  "PROYECCION": 2738393.7,
  "ESTATUS": "MOROSO",
  "MOROSIDAD": -794202.9,
  "Columna1": "null",
  "ESTATUS DEPARTAMENTAL": "null",
  "Column17": "null",
  "COMENTARIOS": "SI"
},
{
  "_id": {
    "$oid": "6414c2141fef942482b9e335"
  },
  "LLAVE": "GAMMA II14G",
  "No": 128,
  "CONJUNTO": "GAMMA II",
  "NUMERO": "14G",
  "TIPO": "NAVE",
  "SUB TOTAL": 4968222.68,
  "IVA": 635932.50304,
  "TOTAL": 5604155.18304,
  "INT FINANCIAMIENTO": 4805758.17695999,
  "COBRADO": 2052915.48,
  "DEUDA": 3551239.70304,
  "PROYECCION": 2073537.48,
  "ESTATUS": "MOROSO",
  "MOROSIDAD": -20622,
  "Columna1": "PARTE DE AGOSTO 22",
  "ESTATUS DEPARTAMENTAL": "null",
  "Column17": "null",
  "COMENTARIOS": "SI"
},
{
  "_id": {
    "$oid": "6414c2141fef942482b9e336"
  },
  "LLAVE": "GAMMA II15G",
  "No": 129,
  "CONJUNTO": "GAMMA II",
  "NUMERO": "15G",
  "TIPO": "NAVE",
  "SUB TOTAL": 0,
  "IVA": 0,
  "TOTAL": 0,
  "INT FINANCIAMIENTO": 0,
  "COBRADO": 40000,
  "DEUDA": -40000,
  "PROYECCION": 0,
  "ESTATUS": "AL CORRIENTE",
  "MOROSIDAD": 40000,
  "Columna1": "null",
  "ESTATUS DEPARTAMENTAL": "null",
  "Column17": "null",
  "COMENTARIOS": "null"
},
{
  "_id": {
    "$oid": "6414c2141fef942482b9e337"
  },
  "LLAVE": "GAMMA II16G",
  "No": 130,
  "CONJUNTO": "GAMMA II",
  "NUMERO": "16G",
  "TIPO": "NAVE",
  "SUB TOTAL": 3340427.90780142,
  "IVA": 427574.772198582,
  "TOTAL": 3768002.68,
  "INT FINANCIAMIENTO": 1980675.20000002,
  "COBRADO": 1679901.36,
  "DEUDA": 2088101.32,
  "PROYECCION": 1679901.34,
  "ESTATUS": "AL CORRIENTE",
  "MOROSIDAD": 0.0199999997857958,
  "Columna1": "null",
  "ESTATUS DEPARTAMENTAL": "null",
  "Column17": "null",
  "COMENTARIOS": "SI"
},
{
  "_id": {
    "$oid": "6414c2141fef942482b9e338"
  },
  "LLAVE": "GAMMA II17G",
  "No": 131,
  "CONJUNTO": "GAMMA II",
  "NUMERO": "17G",
  "TIPO": "NAVE",
  "SUB TOTAL": 4946261.51,
  "IVA": 633121.47328,
  "TOTAL": 5579382.98328,
  "INT FINANCIAMIENTO": 1040025.34671999,
  "COBRADO": 1774633.33,
  "DEUDA": 3804749.65328,
  "PROYECCION": 1818363.58,
  "ESTATUS": "MOROSO",
  "MOROSIDAD": -43730.25,
  "Columna1": "null",
  "ESTATUS DEPARTAMENTAL": "null",
  "Column17": "null",
  "COMENTARIOS": "null"
},
{
  "_id": {
    "$oid": "6414c2141fef942482b9e339"
  },
  "LLAVE": "GAMMA II1H",
  "No": 132,
  "CONJUNTO": "GAMMA II",
  "NUMERO": "1H",
  "TIPO": "NAVE",
  "SUB TOTAL": 5669829.09,
  "IVA": 725738.12352,
  "TOTAL": 6395567.21352,
  "INT FINANCIAMIENTO": 2299910.22648002,
  "COBRADO": 3988279.46,
  "DEUDA": 2407287.75352,
  "PROYECCION": 3188760.86,
  "ESTATUS": "AL CORRIENTE",
  "MOROSIDAD": 799518.600000001,
  "Columna1": "null",
  "ESTATUS DEPARTAMENTAL": "null",
  "Column17": "null",
  "COMENTARIOS": "null"
},
{
  "_id": {
    "$oid": "6414c2141fef942482b9e33a"
  },
  "LLAVE": "GAMMA II2H",
  "No": 133,
  "CONJUNTO": "GAMMA II",
  "NUMERO": "2H",
  "TIPO": "NAVE",
  "SUB TOTAL": 5344454.94,
  "IVA": 684090.23232,
  "TOTAL": 6028545.17232,
  "INT FINANCIAMIENTO": 1664569.98767999,
  "COBRADO": 2531893.86,
  "DEUDA": 3496651.31232,
  "PROYECCION": 1698040.25,
  "ESTATUS": "AL CORRIENTE",
  "MOROSIDAD": 833853.61,
  "Columna1": "null",
  "ESTATUS DEPARTAMENTAL": "null",
  "Column17": "null",
  "COMENTARIOS": "null"
},
{
  "_id": {
    "$oid": "6414c2141fef942482b9e33b"
  },
  "LLAVE": "GAMMA II3H",
  "No": 134,
  "CONJUNTO": "GAMMA II",
  "NUMERO": "3H",
  "TIPO": "NAVE",
  "SUB TOTAL": 5344454.94,
  "IVA": 684090.23232,
  "TOTAL": 6028545.17232,
  "INT FINANCIAMIENTO": 1664569.98767999,
  "COBRADO": 2531893.86,
  "DEUDA": 3496651.31232,
  "PROYECCION": 1698040.25,
  "ESTATUS": "AL CORRIENTE",
  "MOROSIDAD": 833853.61,
  "Columna1": "null",
  "ESTATUS DEPARTAMENTAL": "null",
  "Column17": "null",
  "COMENTARIOS": "null"
},
{
  "_id": {
    "$oid": "6414c2141fef942482b9e33c"
  },
  "LLAVE": "GAMMA II4H",
  "No": 135,
  "CONJUNTO": "GAMMA II",
  "NUMERO": "4H",
  "TIPO": "NAVE",
  "SUB TOTAL": 4320000,
  "IVA": 552960,
  "TOTAL": 4872960,
  "INT FINANCIAMIENTO": 0.100000001490116,
  "COBRADO": 4881637.93,
  "DEUDA": -8677.9299999997,
  "PROYECCION": 4872960.1,
  "ESTATUS": "AL CORRIENTE",
  "MOROSIDAD": 8677.82999999821,
  "Columna1": "PARTE DIC 20--ENERO21",
  "ESTATUS DEPARTAMENTAL": "null",
  "Column17": "null",
  "COMENTARIOS": "FINIQUITA AL MOMENTO DE LA ENTREGA, NO SE GENERAN INTERESES"
},
{
  "_id": {
    "$oid": "6414c2141fef942482b9e33d"
  },
  "LLAVE": "GAMMA II5H",
  "No": 136,
  "CONJUNTO": "GAMMA II",
  "NUMERO": "5H",
  "TIPO": "NAVE",
  "SUB TOTAL": 4420000,
  "IVA": 565760,
  "TOTAL": 4985760,
  "INT FINANCIAMIENTO": 0.0500000007450581,
  "COBRADO": 4122888.48,
  "DEUDA": 862871.52,
  "PROYECCION": 4619351.33,
  "ESTATUS": "MOROSO",
  "MOROSIDAD": -496462.85,
  "Columna1": "null",
  "ESTATUS DEPARTAMENTAL": "null",
  "Column17": "null",
  "COMENTARIOS": "NO (PROBLEMA CON IVA DE ENGANCHE)"
},
{
  "_id": {
    "$oid": "6414c2141fef942482b9e33e"
  },
  "LLAVE": "GAMMA II6H",
  "No": 137,
  "CONJUNTO": "GAMMA II",
  "NUMERO": "6H",
  "TIPO": "NAVE",
  "SUB TOTAL": 5412106.27,
  "IVA": 692749.60256,
  "TOTAL": 6104855.87256,
  "INT FINANCIAMIENTO": 0.0874399999156594,
  "COBRADO": 4044372.52,
  "DEUDA": 2060483.35256,
  "PROYECCION": 2472466.64,
  "ESTATUS": "AL CORRIENTE",
  "MOROSIDAD": 1571905.88,
  "Columna1": "PARTE DE JULIO 22-AGOSTO 22",
  "ESTATUS DEPARTAMENTAL": "null",
  "Column17": "null",
  "COMENTARIOS": "null"
},
{
  "_id": {
    "$oid": "6414c2141fef942482b9e33f"
  },
  "LLAVE": "GAMMA II7H",
  "No": 138,
  "CONJUNTO": "GAMMA II",
  "NUMERO": "7H",
  "TIPO": "NAVE",
  "SUB TOTAL": 0,
  "IVA": 0,
  "TOTAL": 0,
  "INT FINANCIAMIENTO": 0,
  "COBRADO": 1793855.46,
  "DEUDA": -1793855.46,
  "PROYECCION": 0,
  "ESTATUS": "AL CORRIENTE",
  "MOROSIDAD": 1793855.46,
  "Columna1": "PARTE NOV-DIC21-AGOSTO22",
  "ESTATUS DEPARTAMENTAL": "null",
  "Column17": "null",
  "COMENTARIOS": "null"
},
{
  "_id": {
    "$oid": "6414c2141fef942482b9e340"
  },
  "LLAVE": "GAMMA II8H",
  "No": 139,
  "CONJUNTO": "GAMMA II",
  "NUMERO": "8H",
  "TIPO": "NAVE",
  "SUB TOTAL": 3803415,
  "IVA": 486837.12,
  "TOTAL": 4290252.12,
  "INT FINANCIAMIENTO": 2255198.32000001,
  "COBRADO": 1606736.13,
  "DEUDA": 2683515.99,
  "PROYECCION": 1912737.39,
  "ESTATUS": "MOROSO",
  "MOROSIDAD": -306001.26,
  "Columna1": "null",
  "ESTATUS DEPARTAMENTAL": "null",
  "Column17": "null",
  "COMENTARIOS": "66462.18 YA SI"
},
{
  "_id": {
    "$oid": "6414c2141fef942482b9e341"
  },
  "LLAVE": "GAMMA II9H",
  "No": 140,
  "CONJUNTO": "GAMMA II",
  "NUMERO": "9H",
  "TIPO": "NAVE",
  "SUB TOTAL": 3803415,
  "IVA": 486837.12,
  "TOTAL": 4290252.12,
  "INT FINANCIAMIENTO": 2255198.32000001,
  "COBRADO": 1579660.49,
  "DEUDA": 2710591.63,
  "PROYECCION": 1912737.39,
  "ESTATUS": "MOROSO",
  "MOROSIDAD": -333076.9,
  "Columna1": "null",
  "ESTATUS DEPARTAMENTAL": "null",
  "Column17": "null",
  "COMENTARIOS": "93537.82 YA SI"
},
{
  "_id": {
    "$oid": "6414c2141fef942482b9e342"
  },
  "LLAVE": "GAMMA II10H",
  "No": 141,
  "CONJUNTO": "GAMMA II",
  "NUMERO": "10H",
  "TIPO": "NAVE",
  "SUB TOTAL": 5412106.27,
  "IVA": 692749.60256,
  "TOTAL": 6104855.87256,
  "INT FINANCIAMIENTO": 1386627.88743999,
  "COBRADO": 610485.59,
  "DEUDA": 5494370.28256,
  "PROYECCION": 1180272.15,
  "ESTATUS": "MOROSO",
  "MOROSIDAD": -569786.56,
  "Columna1": "PARTE DE ENGANCHE Y JULIO 22",
  "ESTATUS DEPARTAMENTAL": "null",
  "Column17": "null",
  "COMENTARIOS": "SI"
},
{
  "_id": {
    "$oid": "6414c2141fef942482b9e343"
  },
  "LLAVE": "GAMMA II11H",
  "No": 142,
  "CONJUNTO": "GAMMA II",
  "NUMERO": "11H",
  "TIPO": "NAVE",
  "SUB TOTAL": 0,
  "IVA": 0,
  "TOTAL": 0,
  "INT FINANCIAMIENTO": 0,
  "COBRADO": 0,
  "DEUDA": 0,
  "PROYECCION": 0,
  "ESTATUS": "AL CORRIENTE",
  "MOROSIDAD": 0,
  "Columna1": "PARTE DE ENGANCHE Y jun-JULIO 22",
  "ESTATUS DEPARTAMENTAL": "null",
  "Column17": "null",
  "COMENTARIOS": "null"
},
{
  "_id": {
    "$oid": "6414c2141fef942482b9e344"
  },
  "LLAVE": "GAMMA II12H",
  "No": 143,
  "CONJUNTO": "GAMMA II",
  "NUMERO": "12H",
  "TIPO": "NAVE",
  "SUB TOTAL": 3873778.17,
  "IVA": 495843.60576,
  "TOTAL": 4369621.77576,
  "INT FINANCIAMIENTO": 2367958.66424001,
  "COBRADO": 2083153.55,
  "DEUDA": 2286468.22576,
  "PROYECCION": 1794397.86,
  "ESTATUS": "AL CORRIENTE",
  "MOROSIDAD": 288755.69,
  "Columna1": "null",
  "ESTATUS DEPARTAMENTAL": "null",
  "Column17": "null",
  "COMENTARIOS": "null"
},
{
  "_id": {
    "$oid": "6414c2141fef942482b9e345"
  },
  "LLAVE": "GAMMA II13H",
  "No": 144,
  "CONJUNTO": "GAMMA II",
  "NUMERO": "13H",
  "TIPO": "NAVE",
  "SUB TOTAL": 4470865.88,
  "IVA": 572270.83264,
  "TOTAL": 5043136.71264,
  "INT FINANCIAMIENTO": 2650957.13735998,
  "COBRADO": 2565154.61,
  "DEUDA": 2477982.10264,
  "PROYECCION": 2218980.21,
  "ESTATUS": "AL CORRIENTE",
  "MOROSIDAD": 346174.399999998,
  "Columna1": "null",
  "ESTATUS DEPARTAMENTAL": "null",
  "Column17": "null",
  "COMENTARIOS": "null"
},
{
  "_id": {
    "$oid": "6414c2141fef942482b9e346"
  },
  "LLAVE": "GAMMA II14H",
  "No": 145,
  "CONJUNTO": "GAMMA II",
  "NUMERO": "14H",
  "TIPO": "NAVE",
  "SUB TOTAL": 3993585.75,
  "IVA": 511178.976,
  "TOTAL": 4504764.726,
  "INT FINANCIAMIENTO": 2367958.64400001,
  "COBRADO": 3362390.94,
  "DEUDA": 1142373.786,
  "PROYECCION": 1982096.37,
  "ESTATUS": "AL CORRIENTE",
  "MOROSIDAD": 1380294.57,
  "Columna1": "null",
  "ESTATUS DEPARTAMENTAL": "null",
  "Column17": "null",
  "COMENTARIOS": "null"
},
{
  "_id": {
    "$oid": "6414c2141fef942482b9e347"
  },
  "LLAVE": "GAMMA II15H",
  "No": 146,
  "CONJUNTO": "GAMMA II",
  "NUMERO": "15H",
  "TIPO": "NAVE",
  "SUB TOTAL": 3993585.75,
  "IVA": 511178.976,
  "TOTAL": 4504764.726,
  "INT FINANCIAMIENTO": 2367958.64400001,
  "COBRADO": 1878353.48,
  "DEUDA": 2626411.246,
  "PROYECCION": 1982096.37,
  "ESTATUS": "MOROSO",
  "MOROSIDAD": -103742.89,
  "Columna1": "PARTE JUN22-JULIO22",
  "ESTATUS DEPARTAMENTAL": "null",
  "Column17": "null",
  "COMENTARIOS": "SI"
},
{
  "_id": {
    "$oid": "6414c2141fef942482b9e348"
  },
  "LLAVE": "GAMMA II16H",
  "No": 147,
  "CONJUNTO": "GAMMA II",
  "NUMERO": "16H",
  "TIPO": "NAVE",
  "SUB TOTAL": 5959521.29,
  "IVA": 762818.72512,
  "TOTAL": 6722340.01512,
  "INT FINANCIAMIENTO": 281742.614880006,
  "COBRADO": 2852689.87,
  "DEUDA": 3869650.14512,
  "PROYECCION": 846516.89,
  "ESTATUS": "AL CORRIENTE",
  "MOROSIDAD": 2006172.98,
  "Columna1": "PARTE DE JULIO 22",
  "ESTATUS DEPARTAMENTAL": "null",
  "Column17": "null",
  "COMENTARIOS": "null"
}]